Unnamed: 0,frequency,gain,plant,distance_cm
0,100000.0,-20.05864,aloevera,6
1,10100000.0,-3.011467,aloevera,6
2,20100000.0,-23.53929,aloevera,6
3,30100000.0,-23.20715,aloevera,6
4,40100000.0,-21.85366,aloevera,6
5,50100000.0,-20.60724,aloevera,6
6,60100000.0,-19.03566,aloevera,6
7,70100000.0,-18.29366,aloevera,6
8,80100000.0,-17.18356,aloevera,6
9,90100000.0,-16.78603,aloevera,6
10,100100000.0,-18.02991,aloevera,6
11,110100000.0,-20.08677,aloevera,6
12,120100000.0,-23.2262,aloevera,6
13,130100000.0,-24.84093,aloevera,6
14,140100000.0,-27.92521,aloevera,6
15,150100000.0,-30.07453,aloevera,6
16,160100000.0,-30.95852,aloevera,6
17,170100000.0,-33.71913,aloevera,6
18,180100000.0,-38.82607,aloevera,6
19,190100000.0,-37.46799,aloevera,6
20,200100000.0,-40.92584,aloevera,6
21,210100000.0,-38.2365,aloevera,6
22,220100000.0,-33.75899,aloevera,6
23,230100000.0,-32.01985,aloevera,6
24,240100000.0,-30.20959,aloevera,6
25,250100000.0,-28.77521,aloevera,6
26,260100000.0,-27.66801,aloevera,6
27,270100000.0,-27.01252,aloevera,6
28,280100000.0,-25.79165,aloevera,6
29,290100000.0,-24.31755,aloevera,6
30,300100000.0,-21.74021,aloevera,6
31,310100000.0,-19.14597,aloevera,6
32,320100000.0,-17.98906,aloevera,6
33,330100000.0,-15.33052,aloevera,6
34,340100000.0,-15.12178,aloevera,6
35,350100000.0,-16.20467,aloevera,6
36,360100000.0,-17.09121,aloevera,6
37,370100000.0,-17.66423,aloevera,6
38,380100000.0,-18.76584,aloevera,6
39,390100000.0,-19.78286,aloevera,6
40,400100000.0,-20.91493,aloevera,6
41,410100000.0,-22.35478,aloevera,6
42,420100000.0,-24.50315,aloevera,6
43,430100000.0,-27.89648,aloevera,6
44,440100000.0,-31.09625,aloevera,6
45,450100000.0,-34.15893,aloevera,6
46,460100000.0,-37.687,aloevera,6
47,470100000.0,-39.87898,aloevera,6
48,480100000.0,-40.19865,aloevera,6
49,490100000.0,-39.55637,aloevera,6
50,500100000.0,-38.77911,aloevera,6
51,510100000.0,-36.96387,aloevera,6
52,520100000.0,-34.93621,aloevera,6
53,530100000.0,-33.47451,aloevera,6
54,540100000.0,-31.93671,aloevera,6
55,550100000.0,-30.70854,aloevera,6
56,560100000.0,-29.12924,aloevera,6
57,570100000.0,-28.20103,aloevera,6
58,580100000.0,-27.36597,aloevera,6
59,590100000.0,-26.7901,aloevera,6
60,600100000.0,-27.22593,aloevera,6
61,610100000.0,-27.26364,aloevera,6
62,620100000.0,-27.10569,aloevera,6
63,630100000.0,-27.38224,aloevera,6
64,640100000.0,-27.70245,aloevera,6
65,650100000.0,-28.28115,aloevera,6
66,660100000.0,-28.68191,aloevera,6
67,670100000.0,-28.83949,aloevera,6
68,680100000.0,-28.87222,aloevera,6
69,690100000.0,-28.88096,aloevera,6
70,700100000.0,-29.46963,aloevera,6
71,710100000.0,-29.01644,aloevera,6
72,720100000.0,-29.64162,aloevera,6
73,730100000.0,-31.25657,aloevera,6
74,740100000.0,-33.63987,aloevera,6
75,750100000.0,-36.15615,aloevera,6
76,760100000.0,-37.88133,aloevera,6
77,770100000.0,-40.61081,aloevera,6
78,780100000.0,-42.95095,aloevera,6
79,790100000.0,-44.11928,aloevera,6
80,800100000.0,-43.98832,aloevera,6
81,810100000.0,-42.40362,aloevera,6
82,820100000.0,-39.43078,aloevera,6
83,830100000.0,-36.54077,aloevera,6
84,840100000.0,-34.08236,aloevera,6
85,850100000.0,-31.52304,aloevera,6
86,860100000.0,-29.29858,aloevera,6
87,870100000.0,-27.39665,aloevera,6
88,880100000.0,-25.73223,aloevera,6
89,890100000.0,-24.74618,aloevera,6
90,900100000.0,-24.3776,aloevera,6
91,910100000.0,-24.35949,aloevera,6
92,920100000.0,-25.0673,aloevera,6
93,930100000.0,-26.22565,aloevera,6
94,940100000.0,-25.94288,aloevera,6
95,950100000.0,-25.88278,aloevera,6
96,960100000.0,-26.03365,aloevera,6
97,970100000.0,-26.4124,aloevera,6
98,980100000.0,-26.98859,aloevera,6
99,990100000.0,-27.60894,aloevera,6
100,1000100000.0,-28.33912,aloevera,6
101,1010100000.0,-29.08434,aloevera,6
102,1020100000.0,-29.89062,aloevera,6
103,1030100000.0,-31.10752,aloevera,6
104,1040100000.0,-32.11221,aloevera,6
105,1050100000.0,-32.69299,aloevera,6
106,1060100000.0,-33.15923,aloevera,6
107,1070100000.0,-33.01135,aloevera,6
108,1080100000.0,-32.97805,aloevera,6
109,1090100000.0,-32.42889,aloevera,6
110,1100100000.0,-31.57213,aloevera,6
111,1110100000.0,-30.89139,aloevera,6
112,1120100000.0,-30.86335,aloevera,6
113,1130100000.0,-30.72911,aloevera,6
114,1140100000.0,-30.96949,aloevera,6
115,1150100000.0,-31.04609,aloevera,6
116,1160100000.0,-30.99722,aloevera,6
117,1170100000.0,-31.00887,aloevera,6
118,1180100000.0,-30.72191,aloevera,6
119,1190100000.0,-30.53972,aloevera,6
120,1200100000.0,-30.54421,aloevera,6
121,1210100000.0,-31.12501,aloevera,6
122,1220100000.0,-30.85171,aloevera,6
123,1230100000.0,-30.77629,aloevera,6
124,1240100000.0,-31.16846,aloevera,6
125,1250100000.0,-32.11517,aloevera,6
126,1260100000.0,-33.42464,aloevera,6
127,1270100000.0,-34.79154,aloevera,6
128,1280100000.0,-36.25116,aloevera,6
129,1290100000.0,-38.64108,aloevera,6
130,1300100000.0,-39.84017,aloevera,6
131,1310100000.0,-41.43394,aloevera,6
132,1320100000.0,-42.58145,aloevera,6
133,1330100000.0,-43.45406,aloevera,6
134,1340100000.0,-43.91851,aloevera,6
135,1350100000.0,-44.00554,aloevera,6
136,1360100000.0,-43.61724,aloevera,6
137,1370100000.0,-43.34736,aloevera,6
138,1380100000.0,-43.0546,aloevera,6
139,1390100000.0,-43.43581,aloevera,6
140,1400100000.0,-43.89669,aloevera,6
141,1410100000.0,-44.72908,aloevera,6
142,1420100000.0,-45.95125,aloevera,6
143,1430100000.0,-46.83425,aloevera,6
144,1440100000.0,-47.64646,aloevera,6
145,1450100000.0,-48.06925,aloevera,6
146,1460100000.0,-47.61791,aloevera,6
147,1470100000.0,-46.83064,aloevera,6
148,1480100000.0,-45.77038,aloevera,6
149,1490100000.0,-44.7641,aloevera,6
150,1500100000.0,-43.98997,aloevera,6
151,1510100000.0,-43.57488,aloevera,6
152,1520100000.0,-43.16461,aloevera,6
153,1530100000.0,-43.10081,aloevera,6
154,1540100000.0,-43.16782,aloevera,6
155,1550100000.0,-43.24678,aloevera,6
156,1560100000.0,-43.72006,aloevera,6
157,1570100000.0,-44.39275,aloevera,6
158,1580100000.0,-45.40542,aloevera,6
159,1590100000.0,-46.73409,aloevera,6
160,1600100000.0,-48.08104,aloevera,6
161,1610100000.0,-49.98707,aloevera,6
162,1620100000.0,-51.21079,aloevera,6
163,1630100000.0,-52.53648,aloevera,6
164,1640100000.0,-54.32682,aloevera,6
165,1650100000.0,-54.83058,aloevera,6
166,1660100000.0,-55.01628,aloevera,6
167,1670100000.0,-55.02287,aloevera,6
168,1680100000.0,-54.01477,aloevera,6
169,1690100000.0,-53.0153,aloevera,6
170,1700100000.0,-51.69199,aloevera,6
171,1710100000.0,-50.86158,aloevera,6
172,1720100000.0,-50.24982,aloevera,6
173,1730100000.0,-49.5633,aloevera,6
174,1740100000.0,-49.0081,aloevera,6
175,1750100000.0,-50.16734,aloevera,6
176,1760100000.0,-52.02509,aloevera,6
177,1770100000.0,-52.94042,aloevera,6
178,1780100000.0,-53.28125,aloevera,6
179,1790100000.0,-53.45933,aloevera,6
180,1800100000.0,-53.80248,aloevera,6
181,1810100000.0,-54.33832,aloevera,6
182,1820100000.0,-55.35268,aloevera,6
183,1830100000.0,-56.43698,aloevera,6
184,1840100000.0,-57.12746,aloevera,6
185,1850100000.0,-58.25947,aloevera,6
186,1860100000.0,-57.92045,aloevera,6
187,1870100000.0,-57.49749,aloevera,6
188,1880100000.0,-55.80936,aloevera,6
189,1890100000.0,-55.23914,aloevera,6
190,1900100000.0,-54.62842,aloevera,6
191,1910100000.0,-54.58267,aloevera,6
192,1920100000.0,-55.329,aloevera,6
193,1930100000.0,-57.1552,aloevera,6
194,1940100000.0,-57.70078,aloevera,6
195,1950100000.0,-57.0026,aloevera,6
196,1960100000.0,-55.65634,aloevera,6
197,1970100000.0,-54.46597,aloevera,6
198,1980100000.0,-53.63682,aloevera,6
199,1990100000.0,-53.61037,aloevera,6
200,2000100000.0,-53.82895,aloevera,6
201,2010100000.0,-54.50917,aloevera,6
202,2020100000.0,-54.42632,aloevera,6
203,2030100000.0,-53.66388,aloevera,6
204,2040100000.0,-52.32989,aloevera,6
205,2050100000.0,-50.59229,aloevera,6
206,2060100000.0,-48.44671,aloevera,6
207,2070100000.0,-46.91388,aloevera,6
208,2080100000.0,-46.0259,aloevera,6
209,2090100000.0,-45.46536,aloevera,6
210,2100100000.0,-45.58704,aloevera,6
211,2110100000.0,-45.94882,aloevera,6
212,2120100000.0,-46.08334,aloevera,6
213,2130100000.0,-46.27734,aloevera,6
214,2140100000.0,-46.16891,aloevera,6
215,2150100000.0,-46.38655,aloevera,6
216,2160100000.0,-47.108,aloevera,6
217,2170100000.0,-48.17365,aloevera,6
218,2180100000.0,-49.14371,aloevera,6
219,2190100000.0,-50.05398,aloevera,6
220,2200100000.0,-50.46207,aloevera,6
221,2210100000.0,-49.59332,aloevera,6
222,2220100000.0,-48.43368,aloevera,6
223,2230100000.0,-47.43867,aloevera,6
224,2240100000.0,-46.48233,aloevera,6
225,2250100000.0,-46.25052,aloevera,6
226,2260100000.0,-45.73433,aloevera,6
227,2270100000.0,-46.82212,aloevera,6
228,2280100000.0,-48.25289,aloevera,6
229,2290100000.0,-49.2771,aloevera,6
230,2300100000.0,-50.33144,aloevera,6
231,2310100000.0,-49.73637,aloevera,6
232,2320100000.0,-49.44063,aloevera,6
233,2330100000.0,-48.61623,aloevera,6
234,2340100000.0,-48.21142,aloevera,6
235,2350100000.0,-48.06373,aloevera,6
236,2360100000.0,-48.38457,aloevera,6
237,2370100000.0,-48.95213,aloevera,6
238,2380100000.0,-49.2123,aloevera,6
239,2390100000.0,-48.9022,aloevera,6
240,2400100000.0,-48.06789,aloevera,6
241,2410100000.0,-47.08535,aloevera,6
242,2420100000.0,-46.76675,aloevera,6
243,2430100000.0,-47.00543,aloevera,6
244,2440100000.0,-48.10543,aloevera,6
245,2450100000.0,-50.35361,aloevera,6
246,2460100000.0,-52.36478,aloevera,6
247,2470100000.0,-53.79753,aloevera,6
248,2480100000.0,-52.91663,aloevera,6
249,2490100000.0,-52.66032,aloevera,6
250,2500100000.0,-52.53432,aloevera,6
251,2510100000.0,-52.40801,aloevera,6
252,2520100000.0,-52.83321,aloevera,6
253,2530100000.0,-53.29207,aloevera,6
254,2540100000.0,-54.28408,aloevera,6
255,2550100000.0,-54.58673,aloevera,6
256,2560100000.0,-53.7111,aloevera,6
257,2570100000.0,-52.23149,aloevera,6
258,2580100000.0,-50.03943,aloevera,6
259,2590100000.0,-47.8227,aloevera,6
260,2600100000.0,-46.99643,aloevera,6
261,2610100000.0,-47.14075,aloevera,6
262,2620100000.0,-48.97712,aloevera,6
263,2630100000.0,-50.98639,aloevera,6
264,2640100000.0,-53.16629,aloevera,6
265,2650100000.0,-53.33518,aloevera,6
266,2660100000.0,-52.86989,aloevera,6
267,2670100000.0,-52.87328,aloevera,6
268,2680100000.0,-53.60444,aloevera,6
269,2690100000.0,-53.76589,aloevera,6
270,2700100000.0,-55.11682,aloevera,6
271,2710100000.0,-56.21486,aloevera,6
272,2720100000.0,-57.07584,aloevera,6
273,2730100000.0,-57.56123,aloevera,6
274,2740100000.0,-56.95231,aloevera,6
275,2750100000.0,-56.54013,aloevera,6
276,2760100000.0,-55.29437,aloevera,6
277,2770100000.0,-53.08964,aloevera,6
278,2780100000.0,-52.75944,aloevera,6
279,2790100000.0,-52.74244,aloevera,6
280,2800100000.0,-53.11376,aloevera,6
281,2810100000.0,-54.94635,aloevera,6
282,2820100000.0,-56.69841,aloevera,6
283,2830100000.0,-57.53426,aloevera,6
284,2840100000.0,-56.64695,aloevera,6
285,2850100000.0,-55.35585,aloevera,6
286,2860100000.0,-54.43704,aloevera,6
287,2870100000.0,-53.87199,aloevera,6
288,2880100000.0,-53.76071,aloevera,6
289,2890100000.0,-53.8836,aloevera,6
290,2900100000.0,-54.40423,aloevera,6
291,2910100000.0,-55.83652,aloevera,6
292,2920100000.0,-56.5988,aloevera,6
293,2930100000.0,-56.41223,aloevera,6
294,2940100000.0,-54.97086,aloevera,6
295,2950100000.0,-54.10999,aloevera,6
296,2960100000.0,-53.41973,aloevera,6
297,2970100000.0,-54.09015,aloevera,6
298,2980100000.0,-55.07323,aloevera,6
299,2990100000.0,-56.27934,aloevera,6
300,3000100000.0,-57.74208,aloevera,6
301,3010100000.0,-57.96542,aloevera,6
302,3020100000.0,-57.85949,aloevera,6
303,3030100000.0,-56.97762,aloevera,6
304,3040100000.0,-56.64095,aloevera,6
305,3050100000.0,-56.63061,aloevera,6
306,3060100000.0,-56.99339,aloevera,6
307,3070100000.0,-56.39247,aloevera,6
308,3080100000.0,-56.9619,aloevera,6
309,3090100000.0,-56.85411,aloevera,6
310,3100100000.0,-57.56688,aloevera,6
311,3110100000.0,-57.38279,aloevera,6
312,3120100000.0,-56.61082,aloevera,6
313,3130100000.0,-56.15831,aloevera,6
314,3140100000.0,-56.52881,aloevera,6
315,3150100000.0,-56.2649,aloevera,6
316,3160100000.0,-56.90223,aloevera,6
317,3170100000.0,-56.56519,aloevera,6
318,3180100000.0,-56.1554,aloevera,6
319,3190100000.0,-55.73727,aloevera,6
320,100000.0,-52.7746,cactus,6
321,10100000.0,-2.928661,cactus,6
322,20100000.0,-13.96999,cactus,6
323,30100000.0,-13.61329,cactus,6
324,40100000.0,-13.30884,cactus,6
325,50100000.0,-13.09645,cactus,6
326,60100000.0,-13.11502,cactus,6
327,70100000.0,-13.62152,cactus,6
328,80100000.0,-14.07582,cactus,6
329,90100000.0,-14.75943,cactus,6
330,100100000.0,-15.98213,cactus,6
331,110100000.0,-17.64012,cactus,6
332,120100000.0,-21.53211,cactus,6
333,130100000.0,-23.46681,cactus,6
334,140100000.0,-24.24041,cactus,6
335,150100000.0,-28.3317,cactus,6
336,160100000.0,-27.74945,cactus,6
337,170100000.0,-25.74944,cactus,6
338,180100000.0,-27.63882,cactus,6
339,190100000.0,-22.74555,cactus,6
340,200100000.0,-23.56306,cactus,6
341,210100000.0,-22.09179,cactus,6
342,220100000.0,-20.41426,cactus,6
343,230100000.0,-19.50936,cactus,6
344,240100000.0,-18.82082,cactus,6
345,250100000.0,-18.78143,cactus,6
346,260100000.0,-18.21973,cactus,6
347,270100000.0,-17.54605,cactus,6
348,280100000.0,-16.86548,cactus,6
349,290100000.0,-16.19667,cactus,6
350,300100000.0,-14.78687,cactus,6
351,310100000.0,-13.03796,cactus,6
352,320100000.0,-12.52305,cactus,6
353,330100000.0,-11.4846,cactus,6
354,340100000.0,-11.83703,cactus,6
355,350100000.0,-12.60324,cactus,6
356,360100000.0,-13.15876,cactus,6
357,370100000.0,-13.61903,cactus,6
358,380100000.0,-14.84651,cactus,6
359,390100000.0,-16.10892,cactus,6
360,400100000.0,-16.71877,cactus,6
361,410100000.0,-17.37601,cactus,6
362,420100000.0,-19.68558,cactus,6
363,430100000.0,-22.09514,cactus,6
364,440100000.0,-24.87028,cactus,6
365,450100000.0,-28.33413,cactus,6
366,460100000.0,-34.42249,cactus,6
367,470100000.0,-39.54834,cactus,6
368,480100000.0,-37.49019,cactus,6
369,490100000.0,-31.53765,cactus,6
370,500100000.0,-27.15756,cactus,6
371,510100000.0,-22.85846,cactus,6
372,520100000.0,-19.02756,cactus,6
373,530100000.0,-15.93044,cactus,6
374,540100000.0,-13.68674,cactus,6
375,550100000.0,-12.6045,cactus,6
376,560100000.0,-12.6645,cactus,6
377,570100000.0,-13.27488,cactus,6
378,580100000.0,-14.22018,cactus,6
379,590100000.0,-15.18285,cactus,6
380,600100000.0,-16.20505,cactus,6
381,610100000.0,-17.5815,cactus,6
382,620100000.0,-18.8321,cactus,6
383,630100000.0,-19.78766,cactus,6
384,640100000.0,-20.60699,cactus,6
385,650100000.0,-20.97043,cactus,6
386,660100000.0,-21.30005,cactus,6
387,670100000.0,-21.823,cactus,6
388,680100000.0,-22.43513,cactus,6
389,690100000.0,-22.6877,cactus,6
390,700100000.0,-22.43058,cactus,6
391,710100000.0,-22.87827,cactus,6
392,720100000.0,-22.70857,cactus,6
393,730100000.0,-23.02067,cactus,6
394,740100000.0,-23.84164,cactus,6
395,750100000.0,-24.91449,cactus,6
396,760100000.0,-25.56537,cactus,6
397,770100000.0,-25.87284,cactus,6
398,780100000.0,-26.53002,cactus,6
399,790100000.0,-27.46487,cactus,6
400,800100000.0,-28.46546,cactus,6
401,810100000.0,-29.38098,cactus,6
402,820100000.0,-31.618,cactus,6
403,830100000.0,-35.31121,cactus,6
404,840100000.0,-37.18053,cactus,6
405,850100000.0,-33.02679,cactus,6
406,860100000.0,-27.75934,cactus,6
407,870100000.0,-24.49123,cactus,6
408,880100000.0,-21.74766,cactus,6
409,890100000.0,-20.51695,cactus,6
410,900100000.0,-20.20238,cactus,6
411,910100000.0,-20.58985,cactus,6
412,920100000.0,-21.57804,cactus,6
413,930100000.0,-22.863,cactus,6
414,940100000.0,-23.28755,cactus,6
415,950100000.0,-23.68438,cactus,6
416,960100000.0,-23.75639,cactus,6
417,970100000.0,-24.3868,cactus,6
418,980100000.0,-24.89312,cactus,6
419,990100000.0,-24.97192,cactus,6
420,1000100000.0,-25.02995,cactus,6
421,1010100000.0,-24.91304,cactus,6
422,1020100000.0,-25.19961,cactus,6
423,1030100000.0,-25.39256,cactus,6
424,1040100000.0,-25.50673,cactus,6
425,1050100000.0,-25.97075,cactus,6
426,1060100000.0,-26.83673,cactus,6
427,1070100000.0,-27.38782,cactus,6
428,1080100000.0,-28.41274,cactus,6
429,1090100000.0,-29.99375,cactus,6
430,1100100000.0,-31.50375,cactus,6
431,1110100000.0,-32.8354,cactus,6
432,1120100000.0,-34.72805,cactus,6
433,1130100000.0,-36.02554,cactus,6
434,1140100000.0,-37.01189,cactus,6
435,1150100000.0,-37.73489,cactus,6
436,1160100000.0,-37.3212,cactus,6
437,1170100000.0,-37.40737,cactus,6
438,1180100000.0,-36.64096,cactus,6
439,1190100000.0,-35.63588,cactus,6
440,1200100000.0,-34.48386,cactus,6
441,1210100000.0,-33.69898,cactus,6
442,1220100000.0,-32.8993,cactus,6
443,1230100000.0,-31.70642,cactus,6
444,1240100000.0,-30.34018,cactus,6
445,1250100000.0,-29.68537,cactus,6
446,1260100000.0,-29.40403,cactus,6
447,1270100000.0,-29.09054,cactus,6
448,1280100000.0,-29.33096,cactus,6
449,1290100000.0,-29.86736,cactus,6
450,1300100000.0,-30.3151,cactus,6
451,1310100000.0,-30.89208,cactus,6
452,1320100000.0,-31.70298,cactus,6
453,1330100000.0,-32.32793,cactus,6
454,1340100000.0,-32.59831,cactus,6
455,1350100000.0,-33.49875,cactus,6
456,1360100000.0,-33.21589,cactus,6
457,1370100000.0,-32.98747,cactus,6
458,1380100000.0,-32.9299,cactus,6
459,1390100000.0,-32.66508,cactus,6
460,1400100000.0,-32.5362,cactus,6
461,1410100000.0,-32.70463,cactus,6
462,1420100000.0,-33.34161,cactus,6
463,1430100000.0,-34.17101,cactus,6
464,1440100000.0,-35.33402,cactus,6
465,1450100000.0,-36.43361,cactus,6
466,1460100000.0,-37.89581,cactus,6
467,1470100000.0,-39.00591,cactus,6
468,1480100000.0,-39.63446,cactus,6
469,1490100000.0,-40.95872,cactus,6
470,1500100000.0,-42.17542,cactus,6
471,1510100000.0,-44.36068,cactus,6
472,1520100000.0,-47.67099,cactus,6
473,1530100000.0,-51.77656,cactus,6
474,1540100000.0,-52.42113,cactus,6
475,1550100000.0,-44.22873,cactus,6
476,1560100000.0,-40.5369,cactus,6
477,1570100000.0,-38.25923,cactus,6
478,1580100000.0,-37.27296,cactus,6
479,1590100000.0,-36.26114,cactus,6
480,1600100000.0,-36.36909,cactus,6
481,1610100000.0,-36.4407,cactus,6
482,1620100000.0,-37.01419,cactus,6
483,1630100000.0,-37.49744,cactus,6
484,1640100000.0,-37.91896,cactus,6
485,1650100000.0,-38.00597,cactus,6
486,1660100000.0,-37.9426,cactus,6
487,1670100000.0,-37.98193,cactus,6
488,1680100000.0,-37.94752,cactus,6
489,1690100000.0,-37.38169,cactus,6
490,1700100000.0,-36.69587,cactus,6
491,1710100000.0,-35.74256,cactus,6
492,1720100000.0,-34.40887,cactus,6
493,1730100000.0,-33.51237,cactus,6
494,1740100000.0,-33.15675,cactus,6
495,1750100000.0,-32.97444,cactus,6
496,1760100000.0,-33.27039,cactus,6
497,1770100000.0,-33.917,cactus,6
498,1780100000.0,-34.39023,cactus,6
499,1790100000.0,-35.13219,cactus,6
500,1800100000.0,-35.45884,cactus,6
501,1810100000.0,-36.00932,cactus,6
502,1820100000.0,-36.32364,cactus,6
503,1830100000.0,-36.51652,cactus,6
504,1840100000.0,-36.27384,cactus,6
505,1850100000.0,-35.8773,cactus,6
506,1860100000.0,-35.90514,cactus,6
507,1870100000.0,-35.73515,cactus,6
508,1880100000.0,-35.62713,cactus,6
509,1890100000.0,-35.04056,cactus,6
510,1900100000.0,-35.04255,cactus,6
511,1910100000.0,-35.4592,cactus,6
512,1920100000.0,-36.37394,cactus,6
513,1930100000.0,-36.8142,cactus,6
514,1940100000.0,-37.89504,cactus,6
515,1950100000.0,-38.91949,cactus,6
516,1960100000.0,-40.43303,cactus,6
517,1970100000.0,-42.13346,cactus,6
518,1980100000.0,-43.60089,cactus,6
519,1990100000.0,-43.00044,cactus,6
520,2000100000.0,-42.37539,cactus,6
521,2010100000.0,-41.89251,cactus,6
522,2020100000.0,-41.69926,cactus,6
523,2030100000.0,-40.85029,cactus,6
524,2040100000.0,-40.59068,cactus,6
525,2050100000.0,-40.11,cactus,6
526,2060100000.0,-40.20011,cactus,6
527,2070100000.0,-40.21545,cactus,6
528,2080100000.0,-39.93271,cactus,6
529,2090100000.0,-40.54021,cactus,6
530,2100100000.0,-40.1524,cactus,6
531,2110100000.0,-39.70617,cactus,6
532,2120100000.0,-38.67661,cactus,6
533,2130100000.0,-38.0918,cactus,6
534,2140100000.0,-37.64606,cactus,6
535,2150100000.0,-37.51622,cactus,6
536,2160100000.0,-37.12998,cactus,6
537,2170100000.0,-37.05427,cactus,6
538,2180100000.0,-37.04867,cactus,6
539,2190100000.0,-37.36606,cactus,6
540,2200100000.0,-37.12113,cactus,6
541,2210100000.0,-36.95549,cactus,6
542,2220100000.0,-36.48634,cactus,6
543,2230100000.0,-36.11929,cactus,6
544,2240100000.0,-35.70695,cactus,6
545,2250100000.0,-35.66771,cactus,6
546,2260100000.0,-35.73904,cactus,6
547,2270100000.0,-36.9381,cactus,6
548,2280100000.0,-38.97015,cactus,6
549,2290100000.0,-40.68042,cactus,6
550,2300100000.0,-42.70686,cactus,6
551,2310100000.0,-44.28163,cactus,6
552,2320100000.0,-45.21371,cactus,6
553,2330100000.0,-44.94006,cactus,6
554,2340100000.0,-43.83806,cactus,6
555,2350100000.0,-42.35114,cactus,6
556,2360100000.0,-40.79679,cactus,6
557,2370100000.0,-39.50087,cactus,6
558,2380100000.0,-37.87446,cactus,6
559,2390100000.0,-36.8235,cactus,6
560,2400100000.0,-35.67271,cactus,6
561,2410100000.0,-34.80099,cactus,6
562,2420100000.0,-34.37048,cactus,6
563,2430100000.0,-34.19213,cactus,6
564,2440100000.0,-34.79705,cactus,6
565,2450100000.0,-35.81515,cactus,6
566,2460100000.0,-37.28014,cactus,6
567,2470100000.0,-38.69691,cactus,6
568,2480100000.0,-40.19298,cactus,6
569,2490100000.0,-41.33222,cactus,6
570,2500100000.0,-42.27459,cactus,6
571,2510100000.0,-43.18311,cactus,6
572,2520100000.0,-44.04865,cactus,6
573,2530100000.0,-44.26052,cactus,6
574,2540100000.0,-43.62201,cactus,6
575,2550100000.0,-42.8569,cactus,6
576,2560100000.0,-41.74861,cactus,6
577,2570100000.0,-40.39817,cactus,6
578,2580100000.0,-39.17599,cactus,6
579,2590100000.0,-38.14957,cactus,6
580,2600100000.0,-37.94716,cactus,6
581,2610100000.0,-38.53752,cactus,6
582,2620100000.0,-39.64326,cactus,6
583,2630100000.0,-40.73779,cactus,6
584,2640100000.0,-41.55147,cactus,6
585,2650100000.0,-42.32162,cactus,6
586,2660100000.0,-42.87294,cactus,6
587,2670100000.0,-43.49604,cactus,6
588,2680100000.0,-44.162,cactus,6
589,2690100000.0,-44.61051,cactus,6
590,2700100000.0,-44.88767,cactus,6
591,2710100000.0,-45.18715,cactus,6
592,2720100000.0,-45.37005,cactus,6
593,2730100000.0,-45.06868,cactus,6
594,2740100000.0,-44.77663,cactus,6
595,2750100000.0,-44.34506,cactus,6
596,2760100000.0,-42.60344,cactus,6
597,2770100000.0,-41.01989,cactus,6
598,2780100000.0,-39.85874,cactus,6
599,2790100000.0,-39.57602,cactus,6
600,2800100000.0,-40.31297,cactus,6
601,2810100000.0,-41.24944,cactus,6
602,2820100000.0,-42.26559,cactus,6
603,2830100000.0,-43.4293,cactus,6
604,2840100000.0,-44.03991,cactus,6
605,2850100000.0,-44.34509,cactus,6
606,2860100000.0,-44.14792,cactus,6
607,2870100000.0,-43.76127,cactus,6
608,2880100000.0,-43.4884,cactus,6
609,2890100000.0,-42.51637,cactus,6
610,2900100000.0,-41.66481,cactus,6
611,2910100000.0,-41.09304,cactus,6
612,2920100000.0,-40.78206,cactus,6
613,2930100000.0,-40.49104,cactus,6
614,2940100000.0,-40.52167,cactus,6
615,2950100000.0,-41.09604,cactus,6
616,2960100000.0,-41.85037,cactus,6
617,2970100000.0,-42.68592,cactus,6
618,2980100000.0,-43.84106,cactus,6
619,2990100000.0,-44.8034,cactus,6
620,3000100000.0,-45.63529,cactus,6
621,3010100000.0,-46.70465,cactus,6
622,3020100000.0,-47.98345,cactus,6
623,3030100000.0,-49.08394,cactus,6
624,3040100000.0,-50.72465,cactus,6
625,3050100000.0,-51.09565,cactus,6
626,3060100000.0,-51.30706,cactus,6
627,3070100000.0,-50.393,cactus,6
628,3080100000.0,-49.1239,cactus,6
629,3090100000.0,-47.62385,cactus,6
630,3100100000.0,-46.17892,cactus,6
631,3110100000.0,-45.07063,cactus,6
632,3120100000.0,-44.63979,cactus,6
633,3130100000.0,-44.85419,cactus,6
634,3140100000.0,-45.44102,cactus,6
635,3150100000.0,-47.03576,cactus,6
636,3160100000.0,-47.67579,cactus,6
637,3170100000.0,-47.49125,cactus,6
638,3180100000.0,-46.96754,cactus,6
639,3190100000.0,-47.22449,cactus,6
640,100000.0,-40.04483,lilium,6
641,10100000.0,-2.952934,lilium,6
642,20100000.0,-56.90445,lilium,6
643,30100000.0,-58.59171,lilium,6
644,40100000.0,-58.73705,lilium,6
645,50100000.0,-59.23527,lilium,6
646,60100000.0,-59.57749,lilium,6
647,70100000.0,-60.62234,lilium,6
648,80100000.0,-59.13833,lilium,6
649,90100000.0,-57.51122,lilium,6
650,100100000.0,-55.61781,lilium,6
651,110100000.0,-54.32703,lilium,6
652,120100000.0,-55.14109,lilium,6
653,130100000.0,-56.66994,lilium,6
654,140100000.0,-60.17676,lilium,6
655,150100000.0,-61.49631,lilium,6
656,160100000.0,-60.80666,lilium,6
657,170100000.0,-59.85788,lilium,6
658,180100000.0,-59.49384,lilium,6
659,190100000.0,-59.06719,lilium,6
660,200100000.0,-59.8075,lilium,6
661,210100000.0,-59.77258,lilium,6
662,220100000.0,-58.6593,lilium,6
663,230100000.0,-57.03321,lilium,6
664,240100000.0,-54.10195,lilium,6
665,250100000.0,-51.55745,lilium,6
666,260100000.0,-48.91705,lilium,6
667,270100000.0,-47.16068,lilium,6
668,280100000.0,-46.37383,lilium,6
669,290100000.0,-45.7487,lilium,6
670,300100000.0,-45.25616,lilium,6
671,310100000.0,-44.69053,lilium,6
672,320100000.0,-44.22512,lilium,6
673,330100000.0,-44.66728,lilium,6
674,340100000.0,-45.46172,lilium,6
675,350100000.0,-46.60731,lilium,6
676,360100000.0,-47.76211,lilium,6
677,370100000.0,-49.3926,lilium,6
678,380100000.0,-50.67645,lilium,6
679,390100000.0,-52.07281,lilium,6
680,400100000.0,-52.25266,lilium,6
681,410100000.0,-51.4803,lilium,6
682,420100000.0,-49.99593,lilium,6
683,430100000.0,-49.04609,lilium,6
684,440100000.0,-49.26028,lilium,6
685,450100000.0,-49.77223,lilium,6
686,460100000.0,-50.93974,lilium,6
687,470100000.0,-52.39004,lilium,6
688,480100000.0,-52.85661,lilium,6
689,490100000.0,-52.02607,lilium,6
690,500100000.0,-50.72607,lilium,6
691,510100000.0,-49.17155,lilium,6
692,520100000.0,-48.05845,lilium,6
693,530100000.0,-47.14872,lilium,6
694,540100000.0,-46.38009,lilium,6
695,550100000.0,-45.2151,lilium,6
696,560100000.0,-43.89654,lilium,6
697,570100000.0,-42.36514,lilium,6
698,580100000.0,-40.67217,lilium,6
699,590100000.0,-39.22625,lilium,6
700,600100000.0,-38.06286,lilium,6
701,610100000.0,-37.19417,lilium,6
702,620100000.0,-36.47849,lilium,6
703,630100000.0,-36.10458,lilium,6
704,640100000.0,-36.02053,lilium,6
705,650100000.0,-36.49192,lilium,6
706,660100000.0,-37.30639,lilium,6
707,670100000.0,-38.21301,lilium,6
708,680100000.0,-38.7799,lilium,6
709,690100000.0,-39.35042,lilium,6
710,700100000.0,-39.92102,lilium,6
711,710100000.0,-40.54963,lilium,6
712,720100000.0,-41.12149,lilium,6
713,730100000.0,-41.37106,lilium,6
714,740100000.0,-41.8937,lilium,6
715,750100000.0,-42.54677,lilium,6
716,760100000.0,-43.22647,lilium,6
717,770100000.0,-44.20747,lilium,6
718,780100000.0,-45.42003,lilium,6
719,790100000.0,-46.83184,lilium,6
720,800100000.0,-48.08168,lilium,6
721,810100000.0,-49.15709,lilium,6
722,820100000.0,-50.53086,lilium,6
723,830100000.0,-51.52766,lilium,6
724,840100000.0,-52.49424,lilium,6
725,850100000.0,-52.72519,lilium,6
726,860100000.0,-52.65332,lilium,6
727,870100000.0,-53.04322,lilium,6
728,880100000.0,-51.56705,lilium,6
729,890100000.0,-48.62968,lilium,6
730,900100000.0,-45.58538,lilium,6
731,910100000.0,-43.08401,lilium,6
732,920100000.0,-41.63936,lilium,6
733,930100000.0,-42.2866,lilium,6
734,940100000.0,-39.95237,lilium,6
735,950100000.0,-39.10057,lilium,6
736,960100000.0,-40.11313,lilium,6
737,970100000.0,-42.16761,lilium,6
738,980100000.0,-43.90296,lilium,6
739,990100000.0,-45.64104,lilium,6
740,1000100000.0,-46.88178,lilium,6
741,1010100000.0,-48.04425,lilium,6
742,1020100000.0,-48.90912,lilium,6
743,1030100000.0,-48.97307,lilium,6
744,1040100000.0,-48.27483,lilium,6
745,1050100000.0,-47.11891,lilium,6
746,1060100000.0,-45.64436,lilium,6
747,1070100000.0,-43.56662,lilium,6
748,1080100000.0,-41.69226,lilium,6
749,1090100000.0,-39.99741,lilium,6
750,1100100000.0,-38.29668,lilium,6
751,1110100000.0,-36.79548,lilium,6
752,1120100000.0,-35.36502,lilium,6
753,1130100000.0,-34.0729,lilium,6
754,1140100000.0,-32.80554,lilium,6
755,1150100000.0,-31.80195,lilium,6
756,1160100000.0,-30.86987,lilium,6
757,1170100000.0,-29.94465,lilium,6
758,1180100000.0,-29.03122,lilium,6
759,1190100000.0,-28.17497,lilium,6
760,1200100000.0,-27.77398,lilium,6
761,1210100000.0,-28.06799,lilium,6
762,1220100000.0,-28.18112,lilium,6
763,1230100000.0,-28.79783,lilium,6
764,1240100000.0,-29.64593,lilium,6
765,1250100000.0,-30.84837,lilium,6
766,1260100000.0,-32.30075,lilium,6
767,1270100000.0,-33.99857,lilium,6
768,1280100000.0,-35.84151,lilium,6
769,1290100000.0,-37.65265,lilium,6
770,1300100000.0,-39.41726,lilium,6
771,1310100000.0,-41.43285,lilium,6
772,1320100000.0,-43.23455,lilium,6
773,1330100000.0,-44.65103,lilium,6
774,1340100000.0,-45.27296,lilium,6
775,1350100000.0,-45.45965,lilium,6
776,1360100000.0,-45.21584,lilium,6
777,1370100000.0,-44.53124,lilium,6
778,1380100000.0,-44.32445,lilium,6
779,1390100000.0,-44.31509,lilium,6
780,1400100000.0,-44.59289,lilium,6
781,1410100000.0,-45.48261,lilium,6
782,1420100000.0,-45.6083,lilium,6
783,1430100000.0,-45.20351,lilium,6
784,1440100000.0,-43.72209,lilium,6
785,1450100000.0,-41.45912,lilium,6
786,1460100000.0,-39.43156,lilium,6
787,1470100000.0,-37.7993,lilium,6
788,1480100000.0,-36.92826,lilium,6
789,1490100000.0,-36.61602,lilium,6
790,1500100000.0,-36.91029,lilium,6
791,1510100000.0,-37.42019,lilium,6
792,1520100000.0,-38.28167,lilium,6
793,1530100000.0,-39.33847,lilium,6
794,1540100000.0,-40.30165,lilium,6
795,1550100000.0,-41.42919,lilium,6
796,1560100000.0,-42.72305,lilium,6
797,1570100000.0,-44.05093,lilium,6
798,1580100000.0,-45.95179,lilium,6
799,1590100000.0,-48.43826,lilium,6
800,1600100000.0,-51.68835,lilium,6
801,1610100000.0,-53.88708,lilium,6
802,1620100000.0,-49.91536,lilium,6
803,1630100000.0,-46.89893,lilium,6
804,1640100000.0,-44.39576,lilium,6
805,1650100000.0,-42.18307,lilium,6
806,1660100000.0,-39.8361,lilium,6
807,1670100000.0,-38.4902,lilium,6
808,1680100000.0,-36.92909,lilium,6
809,1690100000.0,-35.44376,lilium,6
810,1700100000.0,-33.81227,lilium,6
811,1710100000.0,-32.61028,lilium,6
812,1720100000.0,-31.41017,lilium,6
813,1730100000.0,-30.20424,lilium,6
814,1740100000.0,-29.49976,lilium,6
815,1750100000.0,-28.74675,lilium,6
816,1760100000.0,-28.48464,lilium,6
817,1770100000.0,-28.24948,lilium,6
818,1780100000.0,-28.32398,lilium,6
819,1790100000.0,-28.97944,lilium,6
820,1800100000.0,-29.96434,lilium,6
821,1810100000.0,-31.15832,lilium,6
822,1820100000.0,-32.54144,lilium,6
823,1830100000.0,-33.64691,lilium,6
824,1840100000.0,-34.38255,lilium,6
825,1850100000.0,-35.15842,lilium,6
826,1860100000.0,-35.8402,lilium,6
827,1870100000.0,-36.41962,lilium,6
828,1880100000.0,-36.9558,lilium,6
829,1890100000.0,-37.44957,lilium,6
830,1900100000.0,-38.102,lilium,6
831,1910100000.0,-38.84761,lilium,6
832,1920100000.0,-39.55601,lilium,6
833,1930100000.0,-40.38751,lilium,6
834,1940100000.0,-40.42868,lilium,6
835,1950100000.0,-40.53242,lilium,6
836,1960100000.0,-40.45678,lilium,6
837,1970100000.0,-40.44682,lilium,6
838,1980100000.0,-40.78577,lilium,6
839,1990100000.0,-41.06085,lilium,6
840,2000100000.0,-41.32156,lilium,6
841,2010100000.0,-41.48944,lilium,6
842,2020100000.0,-41.3279,lilium,6
843,2030100000.0,-40.81125,lilium,6
844,2040100000.0,-40.07859,lilium,6
845,2050100000.0,-38.9909,lilium,6
846,2060100000.0,-37.57899,lilium,6
847,2070100000.0,-36.20125,lilium,6
848,2080100000.0,-34.60192,lilium,6
849,2090100000.0,-32.78605,lilium,6
850,2100100000.0,-31.37761,lilium,6
851,2110100000.0,-30.0307,lilium,6
852,2120100000.0,-29.39157,lilium,6
853,2130100000.0,-29.19461,lilium,6
854,2140100000.0,-29.57936,lilium,6
855,2150100000.0,-29.9804,lilium,6
856,2160100000.0,-30.47453,lilium,6
857,2170100000.0,-30.98163,lilium,6
858,2180100000.0,-31.2761,lilium,6
859,2190100000.0,-31.59926,lilium,6
860,2200100000.0,-31.98336,lilium,6
861,2210100000.0,-32.35802,lilium,6
862,2220100000.0,-32.63578,lilium,6
863,2230100000.0,-33.16729,lilium,6
864,2240100000.0,-33.3951,lilium,6
865,2250100000.0,-33.55254,lilium,6
866,2260100000.0,-33.07809,lilium,6
867,2270100000.0,-32.74572,lilium,6
868,2280100000.0,-32.11746,lilium,6
869,2290100000.0,-31.36206,lilium,6
870,2300100000.0,-30.32798,lilium,6
871,2310100000.0,-29.49962,lilium,6
872,2320100000.0,-29.19153,lilium,6
873,2330100000.0,-29.80334,lilium,6
874,2340100000.0,-31.01073,lilium,6
875,2350100000.0,-32.8078,lilium,6
876,2360100000.0,-34.07134,lilium,6
877,2370100000.0,-35.31898,lilium,6
878,2380100000.0,-36.44215,lilium,6
879,2390100000.0,-37.2254,lilium,6
880,2400100000.0,-38.05955,lilium,6
881,2410100000.0,-38.39209,lilium,6
882,2420100000.0,-38.61031,lilium,6
883,2430100000.0,-38.68671,lilium,6
884,2440100000.0,-38.64042,lilium,6
885,2450100000.0,-38.88722,lilium,6
886,2460100000.0,-38.76656,lilium,6
887,2470100000.0,-38.96939,lilium,6
888,2480100000.0,-38.97981,lilium,6
889,2490100000.0,-39.05504,lilium,6
890,2500100000.0,-39.46565,lilium,6
891,2510100000.0,-39.71787,lilium,6
892,2520100000.0,-40.34371,lilium,6
893,2530100000.0,-41.65401,lilium,6
894,2540100000.0,-42.99792,lilium,6
895,2550100000.0,-43.56371,lilium,6
896,2560100000.0,-43.35274,lilium,6
897,2570100000.0,-42.23455,lilium,6
898,2580100000.0,-40.15804,lilium,6
899,2590100000.0,-38.77946,lilium,6
900,2600100000.0,-37.89476,lilium,6
901,2610100000.0,-37.19014,lilium,6
902,2620100000.0,-36.73472,lilium,6
903,2630100000.0,-36.11685,lilium,6
904,2640100000.0,-35.37841,lilium,6
905,2650100000.0,-34.8711,lilium,6
906,2660100000.0,-34.57659,lilium,6
907,2670100000.0,-34.49247,lilium,6
908,2680100000.0,-34.69555,lilium,6
909,2690100000.0,-35.18004,lilium,6
910,2700100000.0,-35.8004,lilium,6
911,2710100000.0,-36.37836,lilium,6
912,2720100000.0,-36.66726,lilium,6
913,2730100000.0,-37.0323,lilium,6
914,2740100000.0,-37.19061,lilium,6
915,2750100000.0,-37.05087,lilium,6
916,2760100000.0,-36.89689,lilium,6
917,2770100000.0,-36.61464,lilium,6
918,2780100000.0,-36.10494,lilium,6
919,2790100000.0,-35.54671,lilium,6
920,2800100000.0,-34.75187,lilium,6
921,2810100000.0,-33.81518,lilium,6
922,2820100000.0,-32.85004,lilium,6
923,2830100000.0,-31.81932,lilium,6
924,2840100000.0,-30.76348,lilium,6
925,2850100000.0,-30.04415,lilium,6
926,2860100000.0,-30.09681,lilium,6
927,2870100000.0,-31.04047,lilium,6
928,2880100000.0,-32.85293,lilium,6
929,2890100000.0,-34.99401,lilium,6
930,2900100000.0,-37.18546,lilium,6
931,2910100000.0,-39.21708,lilium,6
932,2920100000.0,-40.84121,lilium,6
933,2930100000.0,-42.51498,lilium,6
934,2940100000.0,-43.59953,lilium,6
935,2950100000.0,-44.34148,lilium,6
936,2960100000.0,-45.61087,lilium,6
937,2970100000.0,-47.0344,lilium,6
938,2980100000.0,-47.99364,lilium,6
939,2990100000.0,-48.50666,lilium,6
940,3000100000.0,-47.81756,lilium,6
941,3010100000.0,-46.89954,lilium,6
942,3020100000.0,-46.13733,lilium,6
943,3030100000.0,-45.06613,lilium,6
944,3040100000.0,-44.58997,lilium,6
945,3050100000.0,-43.94557,lilium,6
946,3060100000.0,-43.71011,lilium,6
947,3070100000.0,-43.22061,lilium,6
948,3080100000.0,-42.42937,lilium,6
949,3090100000.0,-41.26197,lilium,6
950,3100100000.0,-40.03792,lilium,6
951,3110100000.0,-39.25056,lilium,6
952,3120100000.0,-38.05563,lilium,6
953,3130100000.0,-37.54487,lilium,6
954,3140100000.0,-37.56015,lilium,6
955,3150100000.0,-37.90355,lilium,6
956,3160100000.0,-37.80148,lilium,6
957,3170100000.0,-38.32304,lilium,6
958,3180100000.0,-38.83324,lilium,6
959,3190100000.0,-39.79924,lilium,6
960,100000.0,-45.20722,succulente,6
961,10100000.0,-2.866932,succulente,6
962,20100000.0,-56.8419,succulente,6
963,30100000.0,-58.41219,succulente,6
964,40100000.0,-58.22178,succulente,6
965,50100000.0,-58.53889,succulente,6
966,60100000.0,-58.4092,succulente,6
967,70100000.0,-58.11944,succulente,6
968,80100000.0,-56.34691,succulente,6
969,90100000.0,-53.40475,succulente,6
970,100100000.0,-50.94556,succulente,6
971,110100000.0,-50.03551,succulente,6
972,120100000.0,-52.28866,succulente,6
973,130100000.0,-55.98106,succulente,6
974,140100000.0,-59.43479,succulente,6
975,150100000.0,-60.89909,succulente,6
976,160100000.0,-59.19334,succulente,6
977,170100000.0,-58.93909,succulente,6
978,180100000.0,-57.20871,succulente,6
979,190100000.0,-57.15282,succulente,6
980,200100000.0,-57.62211,succulente,6
981,210100000.0,-56.13968,succulente,6
982,220100000.0,-54.07084,succulente,6
983,230100000.0,-51.08028,succulente,6
984,240100000.0,-48.32176,succulente,6
985,250100000.0,-45.84645,succulente,6
986,260100000.0,-43.91365,succulente,6
987,270100000.0,-42.10716,succulente,6
988,280100000.0,-40.82758,succulente,6
989,290100000.0,-39.69789,succulente,6
990,300100000.0,-38.49152,succulente,6
991,310100000.0,-37.36964,succulente,6
992,320100000.0,-37.38177,succulente,6
993,330100000.0,-38.03001,succulente,6
994,340100000.0,-39.24834,succulente,6
995,350100000.0,-40.54425,succulente,6
996,360100000.0,-41.7138,succulente,6
997,370100000.0,-42.56415,succulente,6
998,380100000.0,-43.58824,succulente,6
999,390100000.0,-45.24949,succulente,6
1000,400100000.0,-46.49372,succulente,6
1001,410100000.0,-46.09217,succulente,6
1002,420100000.0,-45.54239,succulente,6
1003,430100000.0,-46.12042,succulente,6
1004,440100000.0,-47.18155,succulente,6
1005,450100000.0,-48.3209,succulente,6
1006,460100000.0,-49.79611,succulente,6
1007,470100000.0,-51.18895,succulente,6
1008,480100000.0,-52.56233,succulente,6
1009,490100000.0,-54.15847,succulente,6
1010,500100000.0,-56.01936,succulente,6
1011,510100000.0,-57.0863,succulente,6
1012,520100000.0,-57.14388,succulente,6
1013,530100000.0,-56.11403,succulente,6
1014,540100000.0,-56.17231,succulente,6
1015,550100000.0,-56.74845,succulente,6
1016,560100000.0,-56.66571,succulente,6
1017,570100000.0,-59.7256,succulente,6
1018,580100000.0,-60.51723,succulente,6
1019,590100000.0,-58.74991,succulente,6
1020,600100000.0,-54.13132,succulente,6
1021,610100000.0,-49.97895,succulente,6
1022,620100000.0,-47.07811,succulente,6
1023,630100000.0,-46.7044,succulente,6
1024,640100000.0,-48.55882,succulente,6
1025,650100000.0,-51.03173,succulente,6
1026,660100000.0,-47.22144,succulente,6
1027,670100000.0,-46.56253,succulente,6
1028,680100000.0,-48.20704,succulente,6
1029,690100000.0,-50.45155,succulente,6
1030,700100000.0,-50.66299,succulente,6
1031,710100000.0,-48.62161,succulente,6
1032,720100000.0,-45.57688,succulente,6
1033,730100000.0,-43.35264,succulente,6
1034,740100000.0,-40.8291,succulente,6
1035,750100000.0,-39.23228,succulente,6
1036,760100000.0,-37.75142,succulente,6
1037,770100000.0,-36.95682,succulente,6
1038,780100000.0,-36.52191,succulente,6
1039,790100000.0,-36.02118,succulente,6
1040,800100000.0,-35.26225,succulente,6
1041,810100000.0,-34.46086,succulente,6
1042,820100000.0,-33.56265,succulente,6
1043,830100000.0,-33.16728,succulente,6
1044,840100000.0,-33.08394,succulente,6
1045,850100000.0,-33.19216,succulente,6
1046,860100000.0,-33.24571,succulente,6
1047,870100000.0,-33.00781,succulente,6
1048,880100000.0,-32.65575,succulente,6
1049,890100000.0,-31.7701,succulente,6
1050,900100000.0,-30.73179,succulente,6
1051,910100000.0,-29.62966,succulente,6
1052,920100000.0,-28.60133,succulente,6
1053,930100000.0,-27.57629,succulente,6
1054,940100000.0,-26.57718,succulente,6
1055,950100000.0,-26.88661,succulente,6
1056,960100000.0,-28.33928,succulente,6
1057,970100000.0,-30.71612,succulente,6
1058,980100000.0,-33.31264,succulente,6
1059,990100000.0,-35.37789,succulente,6
1060,1000100000.0,-37.25856,succulente,6
1061,1010100000.0,-38.5701,succulente,6
1062,1020100000.0,-39.427,succulente,6
1063,1030100000.0,-40.38554,succulente,6
1064,1040100000.0,-40.67816,succulente,6
1065,1050100000.0,-40.90348,succulente,6
1066,1060100000.0,-41.04785,succulente,6
1067,1070100000.0,-40.74849,succulente,6
1068,1080100000.0,-40.82394,succulente,6
1069,1090100000.0,-41.0009,succulente,6
1070,1100100000.0,-41.01857,succulente,6
1071,1110100000.0,-40.92653,succulente,6
1072,1120100000.0,-40.6912,succulente,6
1073,1130100000.0,-40.54594,succulente,6
1074,1140100000.0,-40.53738,succulente,6
1075,1150100000.0,-39.21848,succulente,6
1076,1160100000.0,-37.07824,succulente,6
1077,1170100000.0,-35.01704,succulente,6
1078,1180100000.0,-33.16405,succulente,6
1079,1190100000.0,-31.87745,succulente,6
1080,1200100000.0,-31.423,succulente,6
1081,1210100000.0,-32.10632,succulente,6
1082,1220100000.0,-33.28538,succulente,6
1083,1230100000.0,-34.72549,succulente,6
1084,1240100000.0,-35.71262,succulente,6
1085,1250100000.0,-36.50373,succulente,6
1086,1260100000.0,-37.64983,succulente,6
1087,1270100000.0,-38.71138,succulente,6
1088,1280100000.0,-39.65013,succulente,6
1089,1290100000.0,-40.0219,succulente,6
1090,1300100000.0,-40.11338,succulente,6
1091,1310100000.0,-40.5072,succulente,6
1092,1320100000.0,-40.67455,succulente,6
1093,1330100000.0,-40.86897,succulente,6
1094,1340100000.0,-40.43608,succulente,6
1095,1350100000.0,-40.27275,succulente,6
1096,1360100000.0,-39.86148,succulente,6
1097,1370100000.0,-39.92493,succulente,6
1098,1380100000.0,-40.15195,succulente,6
1099,1390100000.0,-40.04855,succulente,6
1100,1400100000.0,-40.28664,succulente,6
1101,1410100000.0,-39.68287,succulente,6
1102,1420100000.0,-38.98456,succulente,6
1103,1430100000.0,-38.28494,succulente,6
1104,1440100000.0,-37.64072,succulente,6
1105,1450100000.0,-36.6758,succulente,6
1106,1460100000.0,-36.16408,succulente,6
1107,1470100000.0,-35.45752,succulente,6
1108,1480100000.0,-34.92881,succulente,6
1109,1490100000.0,-35.07209,succulente,6
1110,1500100000.0,-35.46172,succulente,6
1111,1510100000.0,-36.07186,succulente,6
1112,1520100000.0,-36.84267,succulente,6
1113,1530100000.0,-37.32074,succulente,6
1114,1540100000.0,-37.49194,succulente,6
1115,1550100000.0,-38.04419,succulente,6
1116,1560100000.0,-37.65236,succulente,6
1117,1570100000.0,-37.33254,succulente,6
1118,1580100000.0,-36.9205,succulente,6
1119,1590100000.0,-36.32216,succulente,6
1120,1600100000.0,-35.82643,succulente,6
1121,1610100000.0,-35.70622,succulente,6
1122,1620100000.0,-35.7373,succulente,6
1123,1630100000.0,-36.0697,succulente,6
1124,1640100000.0,-36.70747,succulente,6
1125,1650100000.0,-37.50638,succulente,6
1126,1660100000.0,-38.35353,succulente,6
1127,1670100000.0,-39.79571,succulente,6
1128,1680100000.0,-42.23634,succulente,6
1129,1690100000.0,-44.75983,succulente,6
1130,1700100000.0,-46.94069,succulente,6
1131,1710100000.0,-45.39876,succulente,6
1132,1720100000.0,-43.5256,succulente,6
1133,1730100000.0,-38.77007,succulente,6
1134,1740100000.0,-36.64288,succulente,6
1135,1750100000.0,-34.74804,succulente,6
1136,1760100000.0,-33.51182,succulente,6
1137,1770100000.0,-33.01669,succulente,6
1138,1780100000.0,-32.75735,succulente,6
1139,1790100000.0,-32.86034,succulente,6
1140,1800100000.0,-33.066,succulente,6
1141,1810100000.0,-33.40982,succulente,6
1142,1820100000.0,-33.71184,succulente,6
1143,1830100000.0,-33.98502,succulente,6
1144,1840100000.0,-34.13639,succulente,6
1145,1850100000.0,-34.16961,succulente,6
1146,1860100000.0,-34.30142,succulente,6
1147,1870100000.0,-34.23356,succulente,6
1148,1880100000.0,-34.10499,succulente,6
1149,1890100000.0,-33.84218,succulente,6
1150,1900100000.0,-33.35443,succulente,6
1151,1910100000.0,-32.75431,succulente,6
1152,1920100000.0,-32.09666,succulente,6
1153,1930100000.0,-31.80081,succulente,6
1154,1940100000.0,-31.52855,succulente,6
1155,1950100000.0,-31.40409,succulente,6
1156,1960100000.0,-31.48608,succulente,6
1157,1970100000.0,-31.68577,succulente,6
1158,1980100000.0,-31.9413,succulente,6
1159,1990100000.0,-32.38293,succulente,6
1160,2000100000.0,-32.75117,succulente,6
1161,2010100000.0,-33.14221,succulente,6
1162,2020100000.0,-33.40379,succulente,6
1163,2030100000.0,-33.76977,succulente,6
1164,2040100000.0,-34.12971,succulente,6
1165,2050100000.0,-34.29027,succulente,6
1166,2060100000.0,-34.74957,succulente,6
1167,2070100000.0,-34.57819,succulente,6
1168,2080100000.0,-34.74552,succulente,6
1169,2090100000.0,-35.05371,succulente,6
1170,2100100000.0,-35.88921,succulente,6
1171,2110100000.0,-37.4553,succulente,6
1172,2120100000.0,-39.56803,succulente,6
1173,2130100000.0,-42.30477,succulente,6
1174,2140100000.0,-45.05267,succulente,6
1175,2150100000.0,-47.52546,succulente,6
1176,2160100000.0,-48.28277,succulente,6
1177,2170100000.0,-48.60172,succulente,6
1178,2180100000.0,-48.60712,succulente,6
1179,2190100000.0,-48.67834,succulente,6
1180,2200100000.0,-48.54126,succulente,6
1181,2210100000.0,-48.30531,succulente,6
1182,2220100000.0,-47.93597,succulente,6
1183,2230100000.0,-46.2972,succulente,6
1184,2240100000.0,-45.01044,succulente,6
1185,2250100000.0,-44.10906,succulente,6
1186,2260100000.0,-43.15238,succulente,6
1187,2270100000.0,-42.75673,succulente,6
1188,2280100000.0,-42.03081,succulente,6
1189,2290100000.0,-41.20342,succulente,6
1190,2300100000.0,-40.1386,succulente,6
1191,2310100000.0,-38.76599,succulente,6
1192,2320100000.0,-37.74697,succulente,6
1193,2330100000.0,-36.88471,succulente,6
1194,2340100000.0,-36.89981,succulente,6
1195,2350100000.0,-37.4076,succulente,6
1196,2360100000.0,-37.98288,succulente,6
1197,2370100000.0,-38.48647,succulente,6
1198,2380100000.0,-38.8485,succulente,6
1199,2390100000.0,-38.75425,succulente,6
1200,2400100000.0,-38.69671,succulente,6
1201,2410100000.0,-38.74431,succulente,6
1202,2420100000.0,-38.86215,succulente,6
1203,2430100000.0,-38.86699,succulente,6
1204,2440100000.0,-39.01714,succulente,6
1205,2450100000.0,-39.16746,succulente,6
1206,2460100000.0,-39.07791,succulente,6
1207,2470100000.0,-38.93376,succulente,6
1208,2480100000.0,-38.53744,succulente,6
1209,2490100000.0,-38.77148,succulente,6
1210,2500100000.0,-38.60052,succulente,6
1211,2510100000.0,-38.71161,succulente,6
1212,2520100000.0,-38.98544,succulente,6
1213,2530100000.0,-39.15079,succulente,6
1214,2540100000.0,-39.52206,succulente,6
1215,2550100000.0,-38.56899,succulente,6
1216,2560100000.0,-37.75178,succulente,6
1217,2570100000.0,-36.7095,succulente,6
1218,2580100000.0,-35.59872,succulente,6
1219,2590100000.0,-34.95485,succulente,6
1220,2600100000.0,-35.36203,succulente,6
1221,2610100000.0,-36.17767,succulente,6
1222,2620100000.0,-37.04983,succulente,6
1223,2630100000.0,-38.71256,succulente,6
1224,2640100000.0,-40.84363,succulente,6
1225,2650100000.0,-42.73487,succulente,6
1226,2660100000.0,-44.40066,succulente,6
1227,2670100000.0,-46.00988,succulente,6
1228,2680100000.0,-47.26132,succulente,6
1229,2690100000.0,-48.09761,succulente,6
1230,2700100000.0,-48.6045,succulente,6
1231,2710100000.0,-47.77775,succulente,6
1232,2720100000.0,-47.48701,succulente,6
1233,2730100000.0,-46.6974,succulente,6
1234,2740100000.0,-45.96475,succulente,6
1235,2750100000.0,-44.49419,succulente,6
1236,2760100000.0,-42.87461,succulente,6
1237,2770100000.0,-41.39008,succulente,6
1238,2780100000.0,-39.17139,succulente,6
1239,2790100000.0,-37.55089,succulente,6
1240,2800100000.0,-35.92841,succulente,6
1241,2810100000.0,-34.67765,succulente,6
1242,2820100000.0,-33.6845,succulente,6
1243,2830100000.0,-33.20986,succulente,6
1244,2840100000.0,-32.8307,succulente,6
1245,2850100000.0,-32.54342,succulente,6
1246,2860100000.0,-32.71402,succulente,6
1247,2870100000.0,-32.94019,succulente,6
1248,2880100000.0,-33.74356,succulente,6
1249,2890100000.0,-34.99656,succulente,6
1250,2900100000.0,-36.60216,succulente,6
1251,2910100000.0,-38.10265,succulente,6
1252,2920100000.0,-39.58909,succulente,6
1253,2930100000.0,-41.06181,succulente,6
1254,2940100000.0,-42.1721,succulente,6
1255,2950100000.0,-42.75893,succulente,6
1256,2960100000.0,-42.97784,succulente,6
1257,2970100000.0,-43.01922,succulente,6
1258,2980100000.0,-43.11505,succulente,6
1259,2990100000.0,-43.88756,succulente,6
1260,3000100000.0,-45.02355,succulente,6
1261,3010100000.0,-47.0345,succulente,6
1262,3020100000.0,-48.37093,succulente,6
1263,3030100000.0,-49.63547,succulente,6
1264,3040100000.0,-49.84064,succulente,6
1265,3050100000.0,-48.92635,succulente,6
1266,3060100000.0,-47.55403,succulente,6
1267,3070100000.0,-46.26289,succulente,6
1268,3080100000.0,-45.22593,succulente,6
1269,3090100000.0,-43.77992,succulente,6
1270,3100100000.0,-43.37387,succulente,6
1271,3110100000.0,-42.5787,succulente,6
1272,3120100000.0,-41.21377,succulente,6
1273,3130100000.0,-40.33693,succulente,6
1274,3140100000.0,-40.08446,succulente,6
1275,3150100000.0,-40.85315,succulente,6
1276,3160100000.0,-41.4005,succulente,6
1277,3170100000.0,-43.42749,succulente,6
1278,3180100000.0,-45.28241,succulente,6
1279,3190100000.0,-46.3838,succulente,6
