,frequency,gain,plant,distance_cm
0,100000.0,-97.77914,lilium,
1,10100000.0,-83.13172,lilium,
2,20100000.0,-98.04076,lilium,
3,30100000.0,-97.88262,lilium,
4,40100000.0,-99.43262,lilium,
5,50100000.0,-100.0432,lilium,
6,60100000.0,-102.1797,lilium,
7,70100000.0,-100.9492,lilium,
8,80100000.0,-102.0275,lilium,
9,90100000.0,-98.51441,lilium,
10,100100000.0,-99.50951,lilium,
11,110100000.0,-99.16199,lilium,
12,120100000.0,-100.5911,lilium,
13,130100000.0,-101.405,lilium,
14,140100000.0,-101.4679,lilium,
15,150100000.0,-101.1572,lilium,
16,160100000.0,-101.4512,lilium,
17,170100000.0,-101.0475,lilium,
18,180100000.0,-100.7665,lilium,
19,190100000.0,-101.959,lilium,
20,200100000.0,-101.3072,lilium,
21,210100000.0,-101.1588,lilium,
22,220100000.0,-101.5532,lilium,
23,230100000.0,-100.9558,lilium,
24,240100000.0,-100.43,lilium,
25,250100000.0,-101.5623,lilium,
26,260100000.0,-100.5092,lilium,
27,270100000.0,-101.2009,lilium,
28,280100000.0,-101.2573,lilium,
29,290100000.0,-100.6432,lilium,
30,300100000.0,-100.4398,lilium,
31,310100000.0,-99.99978,lilium,
32,320100000.0,-101.4806,lilium,
33,330100000.0,-100.9885,lilium,
34,340100000.0,-100.1688,lilium,
35,350100000.0,-99.63806,lilium,
36,360100000.0,-99.8172,lilium,
37,370100000.0,-101.2598,lilium,
38,380100000.0,-100.2953,lilium,
39,390100000.0,-99.11509,lilium,
40,400100000.0,-100.5119,lilium,
41,410100000.0,-99.7232,lilium,
42,420100000.0,-100.471,lilium,
43,430100000.0,-99.7818,lilium,
44,440100000.0,-100.5349,lilium,
45,450100000.0,-100.2847,lilium,
46,460100000.0,-99.53698,lilium,
47,470100000.0,-100.4267,lilium,
48,480100000.0,-100.3485,lilium,
49,490100000.0,-99.70415,lilium,
50,500100000.0,-100.7935,lilium,
51,510100000.0,-99.98537,lilium,
52,520100000.0,-101.1425,lilium,
53,530100000.0,-101.058,lilium,
54,540100000.0,-100.7735,lilium,
55,550100000.0,-101.3555,lilium,
56,560100000.0,-100.1112,lilium,
57,570100000.0,-101.2392,lilium,
58,580100000.0,-100.6702,lilium,
59,590100000.0,-101.484,lilium,
60,600100000.0,-101.2005,lilium,
61,610100000.0,-99.64656,lilium,
62,620100000.0,-102.1208,lilium,
63,630100000.0,-97.71152,lilium,
64,640100000.0,-100.7701,lilium,
65,650100000.0,-102.3871,lilium,
66,660100000.0,-101.7163,lilium,
67,670100000.0,-101.6303,lilium,
68,680100000.0,-101.8495,lilium,
69,690100000.0,-101.3168,lilium,
70,700100000.0,-101.3811,lilium,
71,710100000.0,-100.9701,lilium,
72,720100000.0,-101.5098,lilium,
73,730100000.0,-101.4272,lilium,
74,740100000.0,-101.9425,lilium,
75,750100000.0,-101.2342,lilium,
76,760100000.0,-101.3598,lilium,
77,770100000.0,-100.4702,lilium,
78,780100000.0,-101.5685,lilium,
79,790100000.0,-100.9281,lilium,
80,800100000.0,-100.864,lilium,
81,810100000.0,-100.7555,lilium,
82,820100000.0,-99.35326,lilium,
83,830100000.0,-100.6742,lilium,
84,840100000.0,-101.2168,lilium,
85,850100000.0,-101.798,lilium,
86,860100000.0,-101.2778,lilium,
87,870100000.0,-102.0365,lilium,
88,880100000.0,-100.4725,lilium,
89,890100000.0,-101.6063,lilium,
90,900100000.0,-101.0578,lilium,
91,910100000.0,-100.4962,lilium,
92,920100000.0,-100.9489,lilium,
93,930100000.0,-101.8361,lilium,
94,940100000.0,-99.95387,lilium,
95,950100000.0,-100.5396,lilium,
96,960100000.0,-100.8402,lilium,
97,970100000.0,-101.1565,lilium,
98,980100000.0,-100.6028,lilium,
99,990100000.0,-100.7206,lilium,
100,1000100000.0,-101.298,lilium,
101,1010100000.0,-100.6818,lilium,
102,1020100000.0,-100.5618,lilium,
103,1030100000.0,-100.8537,lilium,
104,1040100000.0,-100.5975,lilium,
105,1050100000.0,-100.444,lilium,
106,1060100000.0,-99.9992,lilium,
107,1070100000.0,-101.4504,lilium,
108,1080100000.0,-100.3793,lilium,
109,1090100000.0,-99.9968,lilium,
110,1100100000.0,-100.5681,lilium,
111,1110100000.0,-100.2753,lilium,
112,1120100000.0,-99.23419,lilium,
113,1130100000.0,-99.75976,lilium,
114,1140100000.0,-99.5812,lilium,
115,1150100000.0,-99.88596,lilium,
116,1160100000.0,-99.05008,lilium,
117,1170100000.0,-100.9758,lilium,
118,1180100000.0,-99.93029,lilium,
119,1190100000.0,-99.84524,lilium,
120,1200100000.0,-99.76146,lilium,
121,1210100000.0,-98.87608,lilium,
122,1220100000.0,-100.6342,lilium,
123,1230100000.0,-98.67309,lilium,
124,1240100000.0,-100.4553,lilium,
125,1250100000.0,-100.0451,lilium,
126,1260100000.0,-101.1262,lilium,
127,1270100000.0,-98.94138,lilium,
128,1280100000.0,-99.99006,lilium,
129,1290100000.0,-100.4341,lilium,
130,1300100000.0,-99.76229,lilium,
131,1310100000.0,-99.23479,lilium,
132,1320100000.0,-99.06095,lilium,
133,1330100000.0,-99.12177,lilium,
134,1340100000.0,-99.76965,lilium,
135,1350100000.0,-99.34164,lilium,
136,1360100000.0,-99.26019,lilium,
137,1370100000.0,-99.61396,lilium,
138,1380100000.0,-98.96315,lilium,
139,1390100000.0,-99.74224,lilium,
140,1400100000.0,-99.08506,lilium,
141,1410100000.0,-100.1289,lilium,
142,1420100000.0,-99.73646,lilium,
143,1430100000.0,-99.45864,lilium,
144,1440100000.0,-99.06815,lilium,
145,1450100000.0,-99.61716,lilium,
146,1460100000.0,-99.5048,lilium,
147,1470100000.0,-99.58364,lilium,
148,1480100000.0,-99.01218,lilium,
149,1490100000.0,-99.45578,lilium,
150,1500100000.0,-99.91996,lilium,
151,1510100000.0,-100.6709,lilium,
152,1520100000.0,-99.45638,lilium,
153,1530100000.0,-99.48738,lilium,
154,1540100000.0,-99.84976,lilium,
155,1550100000.0,-99.36555,lilium,
156,1560100000.0,-99.04115,lilium,
157,1570100000.0,-100.2373,lilium,
158,1580100000.0,-99.92015,lilium,
159,1590100000.0,-99.15553,lilium,
160,1600100000.0,-99.68719,lilium,
161,1610100000.0,-100.1543,lilium,
162,1620100000.0,-99.98495,lilium,
163,1630100000.0,-99.96396,lilium,
164,1640100000.0,-99.89375,lilium,
165,1650100000.0,-99.92296,lilium,
166,1660100000.0,-99.85275,lilium,
167,1670100000.0,-99.40195,lilium,
168,1680100000.0,-100.0607,lilium,
169,1690100000.0,-99.52579,lilium,
170,1700100000.0,-99.52764,lilium,
171,1710100000.0,-100.7192,lilium,
172,1720100000.0,-99.20195,lilium,
173,1730100000.0,-98.57115,lilium,
174,1740100000.0,-99.79365,lilium,
175,1750100000.0,-100.3217,lilium,
176,1760100000.0,-100.1173,lilium,
177,1770100000.0,-99.81149,lilium,
178,1780100000.0,-99.81903,lilium,
179,1790100000.0,-98.93678,lilium,
180,1800100000.0,-99.42524,lilium,
181,1810100000.0,-98.80096,lilium,
182,1820100000.0,-99.09015,lilium,
183,1830100000.0,-100.2397,lilium,
184,1840100000.0,-98.34608,lilium,
185,1850100000.0,-97.52757,lilium,
186,1860100000.0,-99.08075,lilium,
187,1870100000.0,-99.61288,lilium,
188,1880100000.0,-99.79835,lilium,
189,1890100000.0,-98.9208,lilium,
190,1900100000.0,-99.38929,lilium,
191,1910100000.0,-99.02364,lilium,
192,1920100000.0,-98.76838,lilium,
193,1930100000.0,-99.67449,lilium,
194,1940100000.0,-100.0165,lilium,
195,1950100000.0,-99.18176,lilium,
196,1960100000.0,-99.55328,lilium,
197,1970100000.0,-99.88788,lilium,
198,1980100000.0,-99.0852,lilium,
199,1990100000.0,-99.56429,lilium,
200,2000100000.0,-99.25916,lilium,
201,2010100000.0,-100.3902,lilium,
202,2020100000.0,-100.0555,lilium,
203,2030100000.0,-98.85338,lilium,
204,2040100000.0,-100.5884,lilium,
205,2050100000.0,-99.46223,lilium,
206,2060100000.0,-98.41909,lilium,
207,2070100000.0,-98.86595,lilium,
208,2080100000.0,-98.76406,lilium,
209,2090100000.0,-99.99446,lilium,
210,2100100000.0,-100.0617,lilium,
211,2110100000.0,-99.59849,lilium,
212,2120100000.0,-98.81986,lilium,
213,2130100000.0,-98.09815,lilium,
214,2140100000.0,-98.73886,lilium,
215,2150100000.0,-98.64977,lilium,
216,2160100000.0,-99.39449,lilium,
217,2170100000.0,-98.52196,lilium,
218,2180100000.0,-97.76419,lilium,
219,2190100000.0,-99.32404,lilium,
220,2200100000.0,-99.28304,lilium,
221,2210100000.0,-98.74081,lilium,
222,2220100000.0,-98.31796,lilium,
223,2230100000.0,-98.80646,lilium,
224,2240100000.0,-99.23088,lilium,
225,2250100000.0,-98.64716,lilium,
226,2260100000.0,-98.4472,lilium,
227,2270100000.0,-98.99565,lilium,
228,2280100000.0,-98.95628,lilium,
229,2290100000.0,-98.38477,lilium,
230,2300100000.0,-99.76608,lilium,
231,2310100000.0,-99.34806,lilium,
232,2320100000.0,-98.41678,lilium,
233,2330100000.0,-99.01028,lilium,
234,2340100000.0,-99.22449,lilium,
235,2350100000.0,-98.98224,lilium,
236,2360100000.0,-98.56419,lilium,
237,2370100000.0,-98.52686,lilium,
238,2380100000.0,-98.30498,lilium,
239,2390100000.0,-98.6438,lilium,
240,2400100000.0,-99.19629,lilium,
241,2410100000.0,-99.66392,lilium,
242,2420100000.0,-98.14008,lilium,
243,2430100000.0,-98.6478,lilium,
244,2440100000.0,-98.45596,lilium,
245,2450100000.0,-97.9539,lilium,
246,2460100000.0,-98.17519,lilium,
247,2470100000.0,-97.86115,lilium,
248,2480100000.0,-98.5862,lilium,
249,2490100000.0,-98.39638,lilium,
250,2500100000.0,-98.87075,lilium,
251,2510100000.0,-99.42506,lilium,
252,2520100000.0,-98.7908,lilium,
253,2530100000.0,-99.58092,lilium,
254,2540100000.0,-98.98129,lilium,
255,2550100000.0,-99.25988,lilium,
256,2560100000.0,-99.12849,lilium,
257,2570100000.0,-98.17506,lilium,
258,2580100000.0,-98.28677,lilium,
259,2590100000.0,-98.89065,lilium,
260,2600100000.0,-99.22353,lilium,
261,2610100000.0,-98.73424,lilium,
262,2620100000.0,-98.85729,lilium,
263,2630100000.0,-98.09895,lilium,
264,2640100000.0,-98.60046,lilium,
265,2650100000.0,-98.32676,lilium,
266,2660100000.0,-97.51489,lilium,
267,2670100000.0,-98.56524,lilium,
268,2680100000.0,-97.72755,lilium,
269,2690100000.0,-97.69855,lilium,
270,2700100000.0,-98.83688,lilium,
271,2710100000.0,-97.78006,lilium,
272,2720100000.0,-97.84496,lilium,
273,2730100000.0,-98.10076,lilium,
274,2740100000.0,-98.02464,lilium,
275,2750100000.0,-98.09315,lilium,
276,2760100000.0,-98.34524,lilium,
277,2770100000.0,-98.30246,lilium,
278,2780100000.0,-98.45965,lilium,
279,2790100000.0,-97.60215,lilium,
280,2800100000.0,-98.04076,lilium,
281,2810100000.0,-97.45019,lilium,
282,2820100000.0,-97.55598,lilium,
283,2830100000.0,-99.19173,lilium,
284,2840100000.0,-98.99527,lilium,
285,2850100000.0,-98.94382,lilium,
286,2860100000.0,-98.16846,lilium,
287,2870100000.0,-98.0238,lilium,
288,2880100000.0,-97.88164,lilium,
289,2890100000.0,-97.1489,lilium,
290,2900100000.0,-98.13096,lilium,
291,2910100000.0,-97.24352,lilium,
292,2920100000.0,-97.61037,lilium,
293,2930100000.0,-98.04181,lilium,
294,2940100000.0,-98.19246,lilium,
295,2950100000.0,-97.99915,lilium,
296,2960100000.0,-97.90564,lilium,
297,2970100000.0,-97.90864,lilium,
298,2980100000.0,-97.95976,lilium,
299,2990100000.0,-99.01627,lilium,
300,3000100000.0,-98.41324,lilium,
301,3010100000.0,-98.19024,lilium,
302,3020100000.0,-97.58895,lilium,
303,3030100000.0,-98.19729,lilium,
304,3040100000.0,-98.48188,lilium,
305,3050100000.0,-97.85815,lilium,
306,3060100000.0,-97.93375,lilium,
307,3070100000.0,-98.11129,lilium,
308,3080100000.0,-97.74476,lilium,
309,3090100000.0,-97.34605,lilium,
310,3100100000.0,-98.56346,lilium,
311,3110100000.0,-97.7778,lilium,
312,3120100000.0,-99.07039,lilium,
313,3130100000.0,-97.25006,lilium,
314,3140100000.0,-96.85609,lilium,
315,3150100000.0,-97.90929,lilium,
316,3160100000.0,-96.53219,lilium,
317,3170100000.0,-97.69796,lilium,
318,3180100000.0,-97.66496,lilium,
319,3190100000.0,-98.22846,lilium,
320,100000.0,-97.1212,cactus,6.0
321,10100000.0,-84.00887,cactus,6.0
322,20100000.0,-98.06576,cactus,6.0
323,30100000.0,-97.00097,cactus,6.0
324,40100000.0,-97.25755,cactus,6.0
325,50100000.0,-97.93353,cactus,6.0
326,60100000.0,-100.3472,cactus,6.0
327,70100000.0,-99.18609,cactus,6.0
328,80100000.0,-99.74577,cactus,6.0
329,90100000.0,-91.38566,cactus,6.0
330,100100000.0,-94.08633,cactus,6.0
331,110100000.0,-90.26569,cactus,6.0
332,120100000.0,-100.0263,cactus,6.0
333,130100000.0,-99.12791,cactus,6.0
334,140100000.0,-100.043,cactus,6.0
335,150100000.0,-100.1329,cactus,6.0
336,160100000.0,-100.6453,cactus,6.0
337,170100000.0,-99.98814,cactus,6.0
338,180100000.0,-100.2149,cactus,6.0
339,190100000.0,-100.3682,cactus,6.0
340,200100000.0,-100.5735,cactus,6.0
341,210100000.0,-99.19005,cactus,6.0
342,220100000.0,-100.5495,cactus,6.0
343,230100000.0,-100.8688,cactus,6.0
344,240100000.0,-100.3941,cactus,6.0
345,250100000.0,-100.339,cactus,6.0
346,260100000.0,-100.1921,cactus,6.0
347,270100000.0,-100.3689,cactus,6.0
348,280100000.0,-100.6057,cactus,6.0
349,290100000.0,-100.8542,cactus,6.0
350,300100000.0,-100.5972,cactus,6.0
351,310100000.0,-99.50709,cactus,6.0
352,320100000.0,-100.6363,cactus,6.0
353,330100000.0,-100.6332,cactus,6.0
354,340100000.0,-100.0808,cactus,6.0
355,350100000.0,-100.1218,cactus,6.0
356,360100000.0,-99.68495,cactus,6.0
357,370100000.0,-99.72286,cactus,6.0
358,380100000.0,-99.9558,cactus,6.0
359,390100000.0,-100.6723,cactus,6.0
360,400100000.0,-99.82164,cactus,6.0
361,410100000.0,-99.63777,cactus,6.0
362,420100000.0,-100.2253,cactus,6.0
363,430100000.0,-99.74319,cactus,6.0
364,440100000.0,-99.94115,cactus,6.0
365,450100000.0,-100.3453,cactus,6.0
366,460100000.0,-99.41019,cactus,6.0
367,470100000.0,-99.39018,cactus,6.0
368,480100000.0,-100.8685,cactus,6.0
369,490100000.0,-100.2312,cactus,6.0
370,500100000.0,-99.87706,cactus,6.0
371,510100000.0,-99.99438,cactus,6.0
372,520100000.0,-101.3119,cactus,6.0
373,530100000.0,-100.2288,cactus,6.0
374,540100000.0,-101.0865,cactus,6.0
375,550100000.0,-100.7058,cactus,6.0
376,560100000.0,-100.4428,cactus,6.0
377,570100000.0,-100.0555,cactus,6.0
378,580100000.0,-100.6319,cactus,6.0
379,590100000.0,-101.1395,cactus,6.0
380,600100000.0,-99.9213,cactus,6.0
381,610100000.0,-100.4752,cactus,6.0
382,620100000.0,-100.5462,cactus,6.0
383,630100000.0,-99.75549,cactus,6.0
384,640100000.0,-101.1052,cactus,6.0
385,650100000.0,-101.6586,cactus,6.0
386,660100000.0,-100.7645,cactus,6.0
387,670100000.0,-101.2466,cactus,6.0
388,680100000.0,-101.6553,cactus,6.0
389,690100000.0,-101.5705,cactus,6.0
390,700100000.0,-102.2569,cactus,6.0
391,710100000.0,-100.2271,cactus,6.0
392,720100000.0,-102.5602,cactus,6.0
393,730100000.0,-101.4362,cactus,6.0
394,740100000.0,-101.5497,cactus,6.0
395,750100000.0,-101.7816,cactus,6.0
396,760100000.0,-101.6135,cactus,6.0
397,770100000.0,-100.5669,cactus,6.0
398,780100000.0,-101.7276,cactus,6.0
399,790100000.0,-100.7542,cactus,6.0
400,800100000.0,-101.1059,cactus,6.0
401,810100000.0,-101.3758,cactus,6.0
402,820100000.0,-92.98087,cactus,6.0
403,830100000.0,-99.62002,cactus,6.0
404,840100000.0,-100.8944,cactus,6.0
405,850100000.0,-101.1118,cactus,6.0
406,860100000.0,-102.2128,cactus,6.0
407,870100000.0,-101.1838,cactus,6.0
408,880100000.0,-101.6223,cactus,6.0
409,890100000.0,-101.3158,cactus,6.0
410,900100000.0,-100.8314,cactus,6.0
411,910100000.0,-100.5952,cactus,6.0
412,920100000.0,-101.1972,cactus,6.0
413,930100000.0,-100.1402,cactus,6.0
414,940100000.0,-101.0378,cactus,6.0
415,950100000.0,-100.4571,cactus,6.0
416,960100000.0,-101.0412,cactus,6.0
417,970100000.0,-101.3673,cactus,6.0
418,980100000.0,-100.8992,cactus,6.0
419,990100000.0,-101.1233,cactus,6.0
420,1000100000.0,-101.0022,cactus,6.0
421,1010100000.0,-100.8457,cactus,6.0
422,1020100000.0,-99.70815,cactus,6.0
423,1030100000.0,-100.3332,cactus,6.0
424,1040100000.0,-101.1803,cactus,6.0
425,1050100000.0,-100.4118,cactus,6.0
426,1060100000.0,-100.356,cactus,6.0
427,1070100000.0,-99.91319,cactus,6.0
428,1080100000.0,-99.90364,cactus,6.0
429,1090100000.0,-100.4645,cactus,6.0
430,1100100000.0,-99.97881,cactus,6.0
431,1110100000.0,-99.42398,cactus,6.0
432,1120100000.0,-100.9451,cactus,6.0
433,1130100000.0,-100.7467,cactus,6.0
434,1140100000.0,-100.1386,cactus,6.0
435,1150100000.0,-99.28497,cactus,6.0
436,1160100000.0,-100.1193,cactus,6.0
437,1170100000.0,-99.5428,cactus,6.0
438,1180100000.0,-99.36578,cactus,6.0
439,1190100000.0,-99.91328,cactus,6.0
440,1200100000.0,-100.6671,cactus,6.0
441,1210100000.0,-100.2031,cactus,6.0
442,1220100000.0,-100.3799,cactus,6.0
443,1230100000.0,-100.3987,cactus,6.0
444,1240100000.0,-99.58996,cactus,6.0
445,1250100000.0,-99.75565,cactus,6.0
446,1260100000.0,-99.52096,cactus,6.0
447,1270100000.0,-99.63528,cactus,6.0
448,1280100000.0,-98.09081,cactus,6.0
449,1290100000.0,-99.97089,cactus,6.0
450,1300100000.0,-99.04996,cactus,6.0
451,1310100000.0,-99.74365,cactus,6.0
452,1320100000.0,-99.31564,cactus,6.0
453,1330100000.0,-99.52375,cactus,6.0
454,1340100000.0,-98.30561,cactus,6.0
455,1350100000.0,-98.4493,cactus,6.0
456,1360100000.0,-99.3258,cactus,6.0
457,1370100000.0,-99.19878,cactus,6.0
458,1380100000.0,-100.1541,cactus,6.0
459,1390100000.0,-99.51415,cactus,6.0
460,1400100000.0,-99.82529,cactus,6.0
461,1410100000.0,-98.80052,cactus,6.0
462,1420100000.0,-98.94919,cactus,6.0
463,1430100000.0,-99.76945,cactus,6.0
464,1440100000.0,-99.17805,cactus,6.0
465,1450100000.0,-98.89153,cactus,6.0
466,1460100000.0,-99.4752,cactus,6.0
467,1470100000.0,-99.69815,cactus,6.0
468,1480100000.0,-99.34938,cactus,6.0
469,1490100000.0,-99.5682,cactus,6.0
470,1500100000.0,-99.93796,cactus,6.0
471,1510100000.0,-100.3225,cactus,6.0
472,1520100000.0,-99.85416,cactus,6.0
473,1530100000.0,-99.41298,cactus,6.0
474,1540100000.0,-99.53638,cactus,6.0
475,1550100000.0,-99.52106,cactus,6.0
476,1560100000.0,-99.05916,cactus,6.0
477,1570100000.0,-99.71986,cactus,6.0
478,1580100000.0,-98.88818,cactus,6.0
479,1590100000.0,-100.9473,cactus,6.0
480,1600100000.0,-101.0917,cactus,6.0
481,1610100000.0,-99.45006,cactus,6.0
482,1620100000.0,-99.90481,cactus,6.0
483,1630100000.0,-100.0812,cactus,6.0
484,1640100000.0,-99.48196,cactus,6.0
485,1650100000.0,-100.7147,cactus,6.0
486,1660100000.0,-99.11908,cactus,6.0
487,1670100000.0,-99.23515,cactus,6.0
488,1680100000.0,-99.82975,cactus,6.0
489,1690100000.0,-100.0347,cactus,6.0
490,1700100000.0,-99.49879,cactus,6.0
491,1710100000.0,-98.94508,cactus,6.0
492,1720100000.0,-99.45764,cactus,6.0
493,1730100000.0,-99.3172,cactus,6.0
494,1740100000.0,-98.81108,cactus,6.0
495,1750100000.0,-99.51775,cactus,6.0
496,1760100000.0,-99.08878,cactus,6.0
497,1770100000.0,-99.37981,cactus,6.0
498,1780100000.0,-99.48246,cactus,6.0
499,1790100000.0,-99.94952,cactus,6.0
500,1800100000.0,-99.90453,cactus,6.0
501,1810100000.0,-99.20081,cactus,6.0
502,1820100000.0,-98.9628,cactus,6.0
503,1830100000.0,-99.30923,cactus,6.0
504,1840100000.0,-99.62188,cactus,6.0
505,1850100000.0,-99.52503,cactus,6.0
506,1860100000.0,-99.65606,cactus,6.0
507,1870100000.0,-98.46555,cactus,6.0
508,1880100000.0,-98.40208,cactus,6.0
509,1890100000.0,-99.68688,cactus,6.0
510,1900100000.0,-99.40729,cactus,6.0
511,1910100000.0,-98.57455,cactus,6.0
512,1920100000.0,-98.37809,cactus,6.0
513,1930100000.0,-99.84806,cactus,6.0
514,1940100000.0,-99.56665,cactus,6.0
515,1950100000.0,-99.29681,cactus,6.0
516,1960100000.0,-99.37275,cactus,6.0
517,1970100000.0,-99.44996,cactus,6.0
518,1980100000.0,-99.54124,cactus,6.0
519,1990100000.0,-99.6833,cactus,6.0
520,2000100000.0,-99.03786,cactus,6.0
521,2010100000.0,-98.88937,cactus,6.0
522,2020100000.0,-97.74963,cactus,6.0
523,2030100000.0,-98.73315,cactus,6.0
524,2040100000.0,-99.58965,cactus,6.0
525,2050100000.0,-99.0898,cactus,6.0
526,2060100000.0,-99.77603,cactus,6.0
527,2070100000.0,-98.69915,cactus,6.0
528,2080100000.0,-98.59919,cactus,6.0
529,2090100000.0,-99.2478,cactus,6.0
530,2100100000.0,-99.91834,cactus,6.0
531,2110100000.0,-99.56624,cactus,6.0
532,2120100000.0,-99.42365,cactus,6.0
533,2130100000.0,-98.8442,cactus,6.0
534,2140100000.0,-98.89864,cactus,6.0
535,2150100000.0,-99.55688,cactus,6.0
536,2160100000.0,-100.1087,cactus,6.0
537,2170100000.0,-98.08509,cactus,6.0
538,2180100000.0,-99.38303,cactus,6.0
539,2190100000.0,-99.03724,cactus,6.0
540,2200100000.0,-98.23315,cactus,6.0
541,2210100000.0,-99.68481,cactus,6.0
542,2220100000.0,-98.76675,cactus,6.0
543,2230100000.0,-98.29495,cactus,6.0
544,2240100000.0,-98.12814,cactus,6.0
545,2250100000.0,-99.16449,cactus,6.0
546,2260100000.0,-99.20803,cactus,6.0
547,2270100000.0,-99.21803,cactus,6.0
548,2280100000.0,-98.82496,cactus,6.0
549,2290100000.0,-98.21698,cactus,6.0
550,2300100000.0,-99.30288,cactus,6.0
551,2310100000.0,-98.23798,cactus,6.0
552,2320100000.0,-98.81875,cactus,6.0
553,2330100000.0,-98.39896,cactus,6.0
554,2340100000.0,-99.14029,cactus,6.0
555,2350100000.0,-98.65764,cactus,6.0
556,2360100000.0,-99.36688,cactus,6.0
557,2370100000.0,-99.07129,cactus,6.0
558,2380100000.0,-98.49978,cactus,6.0
559,2390100000.0,-99.04324,cactus,6.0
560,2400100000.0,-99.10429,cactus,6.0
561,2410100000.0,-97.97389,cactus,6.0
562,2420100000.0,-98.6588,cactus,6.0
563,2430100000.0,-98.75276,cactus,6.0
564,2440100000.0,-98.70164,cactus,6.0
565,2450100000.0,-99.66192,cactus,6.0
566,2460100000.0,-98.98946,cactus,6.0
567,2470100000.0,-98.93696,cactus,6.0
568,2480100000.0,-98.5952,cactus,6.0
569,2490100000.0,-98.8338,cactus,6.0
570,2500100000.0,-98.8308,cactus,6.0
571,2510100000.0,-98.03552,cactus,6.0
572,2520100000.0,-99.40606,cactus,6.0
573,2530100000.0,-99.01929,cactus,6.0
574,2540100000.0,-98.99129,cactus,6.0
575,2550100000.0,-100.319,cactus,6.0
576,2560100000.0,-98.12015,cactus,6.0
577,2570100000.0,-99.21288,cactus,6.0
578,2580100000.0,-97.40314,cactus,6.0
579,2590100000.0,-99.26053,cactus,6.0
580,2600100000.0,-98.87165,cactus,6.0
581,2610100000.0,-98.49715,cactus,6.0
582,2620100000.0,-98.51781,cactus,6.0
583,2630100000.0,-98.58796,cactus,6.0
584,2640100000.0,-98.31564,cactus,6.0
585,2650100000.0,-98.83224,cactus,6.0
586,2660100000.0,-98.90704,cactus,6.0
587,2670100000.0,-99.35728,cactus,6.0
588,2680100000.0,-97.07987,cactus,6.0
589,2690100000.0,-98.41795,cactus,6.0
590,2700100000.0,-97.81706,cactus,6.0
591,2710100000.0,-97.97586,cactus,6.0
592,2720100000.0,-98.58429,cactus,6.0
593,2730100000.0,-98.40424,cactus,6.0
594,2740100000.0,-98.32645,cactus,6.0
595,2750100000.0,-98.75706,cactus,6.0
596,2760100000.0,-97.86887,cactus,6.0
597,2770100000.0,-96.89487,cactus,6.0
598,2780100000.0,-98.51929,cactus,6.0
599,2790100000.0,-98.08076,cactus,6.0
600,2800100000.0,-98.34424,cactus,6.0
601,2810100000.0,-97.82887,cactus,6.0
602,2820100000.0,-98.58804,cactus,6.0
603,2830100000.0,-97.90964,cactus,6.0
604,2840100000.0,-97.50298,cactus,6.0
605,2850100000.0,-98.07574,cactus,6.0
606,2860100000.0,-98.53204,cactus,6.0
607,2870100000.0,-97.60438,cactus,6.0
608,2880100000.0,-98.38429,cactus,6.0
609,2890100000.0,-97.99015,cactus,6.0
610,2900100000.0,-97.20509,cactus,6.0
611,2910100000.0,-98.09375,cactus,6.0
612,2920100000.0,-98.19546,cactus,6.0
613,2930100000.0,-98.50149,cactus,6.0
614,2940100000.0,-98.30128,cactus,6.0
615,2950100000.0,-98.87492,cactus,6.0
616,2960100000.0,-97.8192,cactus,6.0
617,2970100000.0,-98.01415,cactus,6.0
618,2980100000.0,-97.8728,cactus,6.0
619,2990100000.0,-97.94776,cactus,6.0
620,3000100000.0,-98.17046,cactus,6.0
621,3010100000.0,-97.1209,cactus,6.0
622,3020100000.0,-97.59795,cactus,6.0
623,3030100000.0,-97.53038,cactus,6.0
624,3040100000.0,-98.08446,cactus,6.0
625,3050100000.0,-97.07909,cactus,6.0
626,3060100000.0,-98.98422,cactus,6.0
627,3070100000.0,-98.58434,cactus,6.0
628,3080100000.0,-98.45706,cactus,6.0
629,3090100000.0,-97.87875,cactus,6.0
630,3100100000.0,-98.20724,cactus,6.0
631,3110100000.0,-97.83575,cactus,6.0
632,3120100000.0,-98.69081,cactus,6.0
633,3130100000.0,-97.98129,cactus,6.0
634,3140100000.0,-98.00065,cactus,6.0
635,3150100000.0,-97.14998,cactus,6.0
636,3160100000.0,-97.6398,cactus,6.0
637,3170100000.0,-97.56015,cactus,6.0
638,3180100000.0,-96.52129,cactus,6.0
639,3190100000.0,-96.54891,cactus,6.0
640,100000.0,-96.85098,succulente,6.0
641,10100000.0,-84.7008,succulente,6.0
642,20100000.0,-97.46008,succulente,6.0
643,30100000.0,-98.20387,succulente,6.0
644,40100000.0,-99.1488,succulente,6.0
645,50100000.0,-99.7218,succulente,6.0
646,60100000.0,-100.943,succulente,6.0
647,70100000.0,-101.1054,succulente,6.0
648,80100000.0,-100.5383,succulente,6.0
649,90100000.0,-94.42874,succulente,6.0
650,100100000.0,-97.12308,succulente,6.0
651,110100000.0,-89.79582,succulente,6.0
652,120100000.0,-100.6516,succulente,6.0
653,130100000.0,-99.92537,succulente,6.0
654,140100000.0,-100.0921,succulente,6.0
655,150100000.0,-101.4539,succulente,6.0
656,160100000.0,-101.0985,succulente,6.0
657,170100000.0,-100.7539,succulente,6.0
658,180100000.0,-99.4637,succulente,6.0
659,190100000.0,-100.8635,succulente,6.0
660,200100000.0,-101.7233,succulente,6.0
661,210100000.0,-100.3052,succulente,6.0
662,220100000.0,-100.8839,succulente,6.0
663,230100000.0,-101.0211,succulente,6.0
664,240100000.0,-101.1175,succulente,6.0
665,250100000.0,-100.0765,succulente,6.0
666,260100000.0,-100.865,succulente,6.0
667,270100000.0,-101.4305,succulente,6.0
668,280100000.0,-100.4196,succulente,6.0
669,290100000.0,-100.082,succulente,6.0
670,300100000.0,-100.8595,succulente,6.0
671,310100000.0,-99.97095,succulente,6.0
672,320100000.0,-99.86938,succulente,6.0
673,330100000.0,-100.0012,succulente,6.0
674,340100000.0,-99.80495,succulente,6.0
675,350100000.0,-99.9378,succulente,6.0
676,360100000.0,-100.8395,succulente,6.0
677,370100000.0,-100.118,succulente,6.0
678,380100000.0,-99.21719,succulente,6.0
679,390100000.0,-99.31219,succulente,6.0
680,400100000.0,-100.6345,succulente,6.0
681,410100000.0,-99.23418,succulente,6.0
682,420100000.0,-99.88976,succulente,6.0
683,430100000.0,-99.24519,succulente,6.0
684,440100000.0,-99.66377,succulente,6.0
685,450100000.0,-99.95615,succulente,6.0
686,460100000.0,-99.10715,succulente,6.0
687,470100000.0,-100.1468,succulente,6.0
688,480100000.0,-98.94887,succulente,6.0
689,490100000.0,-100.8961,succulente,6.0
690,500100000.0,-99.52409,succulente,6.0
691,510100000.0,-99.77319,succulente,6.0
692,520100000.0,-100.4542,succulente,6.0
693,530100000.0,-100.3322,succulente,6.0
694,540100000.0,-100.6448,succulente,6.0
695,550100000.0,-100.2874,succulente,6.0
696,560100000.0,-101.4455,succulente,6.0
697,570100000.0,-99.33949,succulente,6.0
698,580100000.0,-100.9278,succulente,6.0
699,590100000.0,-101.2966,succulente,6.0
700,600100000.0,-100.6424,succulente,6.0
701,610100000.0,-99.70583,succulente,6.0
702,620100000.0,-100.5552,succulente,6.0
703,630100000.0,-97.44362,succulente,6.0
704,640100000.0,-101.0669,succulente,6.0
705,650100000.0,-101.6676,succulente,6.0
706,660100000.0,-101.1928,succulente,6.0
707,670100000.0,-101.9549,succulente,6.0
708,680100000.0,-101.6142,succulente,6.0
709,690100000.0,-101.1439,succulente,6.0
710,700100000.0,-101.066,succulente,6.0
711,710100000.0,-101.1749,succulente,6.0
712,720100000.0,-101.8273,succulente,6.0
713,730100000.0,-102.1525,succulente,6.0
714,740100000.0,-101.4128,succulente,6.0
715,750100000.0,-101.2522,succulente,6.0
716,760100000.0,-101.6722,succulente,6.0
717,770100000.0,-99.73602,succulente,6.0
718,780100000.0,-101.7873,succulente,6.0
719,790100000.0,-100.9461,succulente,6.0
720,800100000.0,-101.1622,succulente,6.0
721,810100000.0,-100.9101,succulente,6.0
722,820100000.0,-99.60709,succulente,6.0
723,830100000.0,-100.6022,succulente,6.0
724,840100000.0,-100.9968,succulente,6.0
725,850100000.0,-101.5613,succulente,6.0
726,860100000.0,-100.8674,succulente,6.0
727,870100000.0,-101.3387,succulente,6.0
728,880100000.0,-101.2342,succulente,6.0
729,890100000.0,-101.5233,succulente,6.0
730,900100000.0,-101.5667,succulente,6.0
731,910100000.0,-101.5596,succulente,6.0
732,920100000.0,-100.0706,succulente,6.0
733,930100000.0,-100.6811,succulente,6.0
734,940100000.0,-100.7651,succulente,6.0
735,950100000.0,-98.98051,succulente,6.0
736,960100000.0,-101.3463,succulente,6.0
737,970100000.0,-101.4262,succulente,6.0
738,980100000.0,-101.2033,succulente,6.0
739,990100000.0,-100.8362,succulente,6.0
740,1000100000.0,-100.5732,succulente,6.0
741,1010100000.0,-100.896,succulente,6.0
742,1020100000.0,-100.776,succulente,6.0
743,1030100000.0,-101.3909,succulente,6.0
744,1040100000.0,-100.969,succulente,6.0
745,1050100000.0,-100.5602,succulente,6.0
746,1060100000.0,-99.69215,succulente,6.0
747,1070100000.0,-100.656,succulente,6.0
748,1080100000.0,-99.57406,succulente,6.0
749,1090100000.0,-99.40254,succulente,6.0
750,1100100000.0,-100.3283,succulente,6.0
751,1110100000.0,-99.7518,succulente,6.0
752,1120100000.0,-99.11752,succulente,6.0
753,1130100000.0,-100.3255,succulente,6.0
754,1140100000.0,-99.55186,succulente,6.0
755,1150100000.0,-101.0638,succulente,6.0
756,1160100000.0,-100.4295,succulente,6.0
757,1170100000.0,-99.21498,succulente,6.0
758,1180100000.0,-100.1002,succulente,6.0
759,1190100000.0,-99.91328,succulente,6.0
760,1200100000.0,-99.92965,succulente,6.0
761,1210100000.0,-97.87602,succulente,6.0
762,1220100000.0,-98.72509,succulente,6.0
763,1230100000.0,-99.05305,succulente,6.0
764,1240100000.0,-99.59096,succulente,6.0
765,1250100000.0,-100.4931,succulente,6.0
766,1260100000.0,-100.2409,succulente,6.0
767,1270100000.0,-99.83849,succulente,6.0
768,1280100000.0,-98.74419,succulente,6.0
769,1290100000.0,-100.2349,succulente,6.0
770,1300100000.0,-99.52896,succulente,6.0
771,1310100000.0,-99.11078,succulente,6.0
772,1320100000.0,-99.2202,succulente,6.0
773,1330100000.0,-99.62246,succulente,6.0
774,1340100000.0,-99.48981,succulente,6.0
775,1350100000.0,-98.84719,succulente,6.0
776,1360100000.0,-100.6092,succulente,6.0
777,1370100000.0,-99.88229,succulente,6.0
778,1380100000.0,-99.74524,succulente,6.0
779,1390100000.0,-99.04198,succulente,6.0
780,1400100000.0,-99.87565,succulente,6.0
781,1410100000.0,-98.75509,succulente,6.0
782,1420100000.0,-99.55815,succulente,6.0
783,1430100000.0,-99.97029,succulente,6.0
784,1440100000.0,-99.31778,succulente,6.0
785,1450100000.0,-100.3425,succulente,6.0
786,1460100000.0,-100.218,succulente,6.0
787,1470100000.0,-99.18015,succulente,6.0
788,1480100000.0,-99.07507,succulente,6.0
789,1490100000.0,-99.95646,succulente,6.0
790,1500100000.0,-99.98746,succulente,6.0
791,1510100000.0,-99.53677,succulente,6.0
792,1520100000.0,-100.2007,succulente,6.0
793,1530100000.0,-99.83676,succulente,6.0
794,1540100000.0,-99.96481,succulente,6.0
795,1550100000.0,-100.5499,succulente,6.0
796,1560100000.0,-99.05916,succulente,6.0
797,1570100000.0,-100.1555,succulente,6.0
798,1580100000.0,-99.1059,succulente,6.0
799,1590100000.0,-99.82164,succulente,6.0
800,1600100000.0,-100.2437,succulente,6.0
801,1610100000.0,-99.45106,succulente,6.0
802,1620100000.0,-99.90481,succulente,6.0
803,1630100000.0,-99.98196,succulente,6.0
804,1640100000.0,-100.1617,succulente,6.0
805,1650100000.0,-99.09518,succulente,6.0
806,1660100000.0,-99.48678,succulente,6.0
807,1670100000.0,-99.37337,succulente,6.0
808,1680100000.0,-99.44578,succulente,6.0
809,1690100000.0,-100.0853,succulente,6.0
810,1700100000.0,-100.4033,succulente,6.0
811,1710100000.0,-99.69575,succulente,6.0
812,1720100000.0,-99.03615,succulente,6.0
813,1730100000.0,-100.2693,succulente,6.0
814,1740100000.0,-99.71024,succulente,6.0
815,1750100000.0,-99.91949,succulente,6.0
816,1760100000.0,-99.77229,succulente,6.0
817,1770100000.0,-99.42775,succulente,6.0
818,1780100000.0,-99.23776,succulente,6.0
819,1790100000.0,-99.19376,succulente,6.0
820,1800100000.0,-99.2458,succulente,6.0
821,1810100000.0,-99.85953,succulente,6.0
822,1820100000.0,-99.60749,succulente,6.0
823,1830100000.0,-97.63457,succulente,6.0
824,1840100000.0,-97.71494,succulente,6.0
825,1850100000.0,-97.62829,succulente,6.0
826,1860100000.0,-99.55203,succulente,6.0
827,1870100000.0,-99.12675,succulente,6.0
828,1880100000.0,-100.3066,succulente,6.0
829,1890100000.0,-98.74995,succulente,6.0
830,1900100000.0,-101.4974,succulente,6.0
831,1910100000.0,-99.53529,succulente,6.0
832,1920100000.0,-99.87353,succulente,6.0
833,1930100000.0,-99.43924,succulente,6.0
834,1940100000.0,-99.0282,succulente,6.0
835,1950100000.0,-99.15164,succulente,6.0
836,1960100000.0,-98.80298,succulente,6.0
837,1970100000.0,-100.2778,succulente,6.0
838,1980100000.0,-99.39275,succulente,6.0
839,1990100000.0,-99.78549,succulente,6.0
840,2000100000.0,-99.93206,succulente,6.0
841,2010100000.0,-98.48109,succulente,6.0
842,2020100000.0,-99.6573,succulente,6.0
843,2030100000.0,-99.34875,succulente,6.0
844,2040100000.0,-99.53929,succulente,6.0
845,2050100000.0,-100.0475,succulente,6.0
846,2060100000.0,-98.84538,succulente,6.0
847,2070100000.0,-98.34091,succulente,6.0
848,2080100000.0,-99.30575,succulente,6.0
849,2090100000.0,-99.39545,succulente,6.0
850,2100100000.0,-99.2068,succulente,6.0
851,2110100000.0,-99.21475,succulente,6.0
852,2120100000.0,-99.57649,succulente,6.0
853,2130100000.0,-98.51815,succulente,6.0
854,2140100000.0,-99.19146,succulente,6.0
855,2150100000.0,-98.39055,succulente,6.0
856,2160100000.0,-98.7222,succulente,6.0
857,2170100000.0,-98.21908,succulente,6.0
858,2180100000.0,-98.92975,succulente,6.0
859,2190100000.0,-98.41138,succulente,6.0
860,2200100000.0,-98.84775,succulente,6.0
861,2210100000.0,-98.5658,succulente,6.0
862,2220100000.0,-98.42986,succulente,6.0
863,2230100000.0,-99.17903,succulente,6.0
864,2240100000.0,-99.30206,succulente,6.0
865,2250100000.0,-99.06229,succulente,6.0
866,2260100000.0,-99.10523,succulente,6.0
867,2270100000.0,-99.06429,succulente,6.0
868,2280100000.0,-98.43887,succulente,6.0
869,2290100000.0,-98.73781,succulente,6.0
870,2300100000.0,-98.89645,succulente,6.0
871,2310100000.0,-98.7588,succulente,6.0
872,2320100000.0,-99.75027,succulente,6.0
873,2330100000.0,-99.23149,succulente,6.0
874,2340100000.0,-98.98924,succulente,6.0
875,2350100000.0,-98.42095,succulente,6.0
876,2360100000.0,-98.11108,succulente,6.0
877,2370100000.0,-99.02124,succulente,6.0
878,2380100000.0,-99.81528,succulente,6.0
879,2390100000.0,-99.04324,succulente,6.0
880,2400100000.0,-98.6162,succulente,6.0
881,2410100000.0,-99.30549,succulente,6.0
882,2420100000.0,-99.09929,succulente,6.0
883,2430100000.0,-98.6092,succulente,6.0
884,2440100000.0,-98.74976,succulente,6.0
885,2450100000.0,-99.39788,succulente,6.0
886,2460100000.0,-99.34403,succulente,6.0
887,2470100000.0,-98.6458,succulente,6.0
888,2480100000.0,-99.23524,succulente,6.0
889,2490100000.0,-98.40538,succulente,6.0
890,2500100000.0,-98.17319,succulente,6.0
891,2510100000.0,-98.92596,succulente,6.0
892,2520100000.0,-99.04729,succulente,6.0
893,2530100000.0,-98.48386,succulente,6.0
894,2540100000.0,-98.69415,succulente,6.0
895,2550100000.0,-99.01365,succulente,6.0
896,2560100000.0,-99.39835,succulente,6.0
897,2570100000.0,-98.65881,succulente,6.0
898,2580100000.0,-98.24895,succulente,6.0
899,2590100000.0,-99.31435,succulente,6.0
900,2600100000.0,-98.3332,succulente,6.0
901,2610100000.0,-98.16396,succulente,6.0
902,2620100000.0,-98.18278,succulente,6.0
903,2630100000.0,-97.74219,succulente,6.0
904,2640100000.0,-98.60946,succulente,6.0
905,2650100000.0,-98.83224,succulente,6.0
906,2660100000.0,-97.83815,succulente,6.0
907,2670100000.0,-98.08887,succulente,6.0
908,2680100000.0,-97.25019,succulente,6.0
909,2690100000.0,-99.5778,succulente,6.0
910,2700100000.0,-98.43945,succulente,6.0
911,2710100000.0,-98.41145,succulente,6.0
912,2720100000.0,-98.09064,succulente,6.0
913,2730100000.0,-97.82596,succulente,6.0
914,2740100000.0,-98.47765,succulente,6.0
915,2750100000.0,-98.19975,succulente,6.0
916,2760100000.0,-98.76306,succulente,6.0
917,2770100000.0,-97.78195,succulente,6.0
918,2780100000.0,-98.36824,succulente,6.0
919,2790100000.0,-99.15827,succulente,6.0
920,2800100000.0,-97.26589,succulente,6.0
921,2810100000.0,-97.82887,succulente,6.0
922,2820100000.0,-98.95771,succulente,6.0
923,2830100000.0,-98.45424,succulente,6.0
924,2840100000.0,-97.87864,succulente,6.0
925,2850100000.0,-98.02681,succulente,6.0
926,2860100000.0,-98.02981,succulente,6.0
927,2870100000.0,-98.08175,succulente,6.0
928,2880100000.0,-99.2938,succulente,6.0
929,2890100000.0,-97.79819,succulente,6.0
930,2900100000.0,-98.33965,succulente,6.0
931,2910100000.0,-98.54704,succulente,6.0
932,2920100000.0,-98.70653,succulente,6.0
933,2930100000.0,-98.00215,succulente,6.0
934,2940100000.0,-98.15195,succulente,6.0
935,2950100000.0,-97.95976,succulente,6.0
936,2960100000.0,-98.05981,succulente,6.0
937,2970100000.0,-98.61688,succulente,6.0
938,2980100000.0,-98.16396,succulente,6.0
939,2990100000.0,-98.14296,succulente,6.0
940,3000100000.0,-98.32065,succulente,6.0
941,3010100000.0,-98.87371,succulente,6.0
942,3020100000.0,-98.27765,succulente,6.0
943,3030100000.0,-97.76579,succulente,6.0
944,3040100000.0,-98.28529,succulente,6.0
945,3050100000.0,-98.21365,succulente,6.0
946,3060100000.0,-98.34449,succulente,6.0
947,3070100000.0,-97.77576,succulente,6.0
948,3080100000.0,-98.66892,succulente,6.0
949,3090100000.0,-97.92796,succulente,6.0
950,3100100000.0,-97.85675,succulente,6.0
951,3110100000.0,-98.39306,succulente,6.0
952,3120100000.0,-98.1133,succulente,6.0
953,3130100000.0,-97.93124,succulente,6.0
954,3140100000.0,-98.57371,succulente,6.0
955,3150100000.0,-98.70608,succulente,6.0
956,3160100000.0,-97.16505,succulente,6.0
957,3170100000.0,-97.95629,succulente,6.0
958,3180100000.0,-98.39492,succulente,6.0
959,3190100000.0,-96.20387,succulente,6.0
960,100000.0,-96.57952,aloevera,6.0
961,10100000.0,-84.79033,aloevera,6.0
962,20100000.0,-97.33909,aloevera,6.0
963,30100000.0,-95.23026,aloevera,6.0
964,40100000.0,-96.89951,aloevera,6.0
965,50100000.0,-98.47026,aloevera,6.0
966,60100000.0,-100.5802,aloevera,6.0
967,70100000.0,-100.6089,aloevera,6.0
968,80100000.0,-98.71417,aloevera,6.0
969,90100000.0,-91.01377,aloevera,6.0
970,100100000.0,-94.72655,aloevera,6.0
971,110100000.0,-88.71156,aloevera,6.0
972,120100000.0,-100.3998,aloevera,6.0
973,130100000.0,-100.9681,aloevera,6.0
974,140100000.0,-100.7183,aloevera,6.0
975,150100000.0,-101.36,aloevera,6.0
976,160100000.0,-101.4219,aloevera,6.0
977,170100000.0,-101.6301,aloevera,6.0
978,180100000.0,-99.73776,aloevera,6.0
979,190100000.0,-100.3782,aloevera,6.0
980,200100000.0,-101.2286,aloevera,6.0
981,210100000.0,-101.4215,aloevera,6.0
982,220100000.0,-100.9322,aloevera,6.0
983,230100000.0,-100.8292,aloevera,6.0
984,240100000.0,-101.3692,aloevera,6.0
985,250100000.0,-100.967,aloevera,6.0
986,260100000.0,-101.5849,aloevera,6.0
987,270100000.0,-100.8622,aloevera,6.0
988,280100000.0,-100.6137,aloevera,6.0
989,290100000.0,-100.6612,aloevera,6.0
990,300100000.0,-100.7066,aloevera,6.0
991,310100000.0,-99.38416,aloevera,6.0
992,320100000.0,-100.6463,aloevera,6.0
993,330100000.0,-99.40509,aloevera,6.0
994,340100000.0,-100.4846,aloevera,6.0
995,350100000.0,-99.33952,aloevera,6.0
996,360100000.0,-99.69395,aloevera,6.0
997,370100000.0,-100.1685,aloevera,6.0
998,380100000.0,-99.08389,aloevera,6.0
999,390100000.0,-99.40314,aloevera,6.0
1000,400100000.0,-100.074,aloevera,6.0
1001,410100000.0,-99.50706,aloevera,6.0
1002,420100000.0,-100.2343,aloevera,6.0
1003,430100000.0,-100.495,aloevera,6.0
1004,440100000.0,-100.2463,aloevera,6.0
1005,450100000.0,-99.67078,aloevera,6.0
1006,460100000.0,-99.93064,aloevera,6.0
1007,470100000.0,-100.65,aloevera,6.0
1008,480100000.0,-100.4653,aloevera,6.0
1009,490100000.0,-100.0482,aloevera,6.0
1010,500100000.0,-99.34761,aloevera,6.0
1011,510100000.0,-99.95605,aloevera,6.0
1012,520100000.0,-101.5371,aloevera,6.0
1013,530100000.0,-100.6217,aloevera,6.0
1014,540100000.0,-100.7915,aloevera,6.0
1015,550100000.0,-100.6188,aloevera,6.0
1016,560100000.0,-100.2201,aloevera,6.0
1017,570100000.0,-100.5228,aloevera,6.0
1018,580100000.0,-100.3621,aloevera,6.0
1019,590100000.0,-100.8068,aloevera,6.0
1020,600100000.0,-100.4122,aloevera,6.0
1021,610100000.0,-100.8539,aloevera,6.0
1022,620100000.0,-102.4136,aloevera,6.0
1023,630100000.0,-101.0432,aloevera,6.0
1024,640100000.0,-100.834,aloevera,6.0
1025,650100000.0,-101.8205,aloevera,6.0
1026,660100000.0,-101.6333,aloevera,6.0
1027,670100000.0,-101.6986,aloevera,6.0
1028,680100000.0,-101.6643,aloevera,6.0
1029,690100000.0,-101.7803,aloevera,6.0
1030,700100000.0,-100.8355,aloevera,6.0
1031,710100000.0,-101.3176,aloevera,6.0
1032,720100000.0,-101.097,aloevera,6.0
1033,730100000.0,-101.8932,aloevera,6.0
1034,740100000.0,-99.3977,aloevera,6.0
1035,750100000.0,-100.9251,aloevera,6.0
1036,760100000.0,-102.4553,aloevera,6.0
1037,770100000.0,-98.26655,aloevera,6.0
1038,780100000.0,-101.8895,aloevera,6.0
1039,790100000.0,-100.8085,aloevera,6.0
1040,800100000.0,-101.4518,aloevera,6.0
1041,810100000.0,-98.64642,aloevera,6.0
1042,820100000.0,-99.33257,aloevera,6.0
1043,830100000.0,-100.8751,aloevera,6.0
1044,840100000.0,-101.834,aloevera,6.0
1045,850100000.0,-101.0732,aloevera,6.0
1046,860100000.0,-101.394,aloevera,6.0
1047,870100000.0,-101.6383,aloevera,6.0
1048,880100000.0,-101.4802,aloevera,6.0
1049,890100000.0,-100.6182,aloevera,6.0
1050,900100000.0,-101.6682,aloevera,6.0
1051,910100000.0,-100.6951,aloevera,6.0
1052,920100000.0,-100.5521,aloevera,6.0
1053,930100000.0,-101.0072,aloevera,6.0
1054,940100000.0,-99.60044,aloevera,6.0
1055,950100000.0,-99.90087,aloevera,6.0
1056,960100000.0,-101.5495,aloevera,6.0
1057,970100000.0,-101.6331,aloevera,6.0
1058,980100000.0,-100.7638,aloevera,6.0
1059,990100000.0,-101.0315,aloevera,6.0
1060,1000100000.0,-100.432,aloevera,6.0
1061,1010100000.0,-100.7968,aloevera,6.0
1062,1020100000.0,-100.6282,aloevera,6.0
1063,1030100000.0,-101.0235,aloevera,6.0
1064,1040100000.0,-100.4182,aloevera,6.0
1065,1050100000.0,-100.8125,aloevera,6.0
1066,1060100000.0,-100.6053,aloevera,6.0
1067,1070100000.0,-100.4516,aloevera,6.0
1068,1080100000.0,-101.0293,aloevera,6.0
1069,1090100000.0,-100.7795,aloevera,6.0
1070,1100100000.0,-99.83364,aloevera,6.0
1071,1110100000.0,-100.0925,aloevera,6.0
1072,1120100000.0,-100.6213,aloevera,6.0
1073,1130100000.0,-99.8748,aloevera,6.0
1074,1140100000.0,-99.31998,aloevera,6.0
1075,1150100000.0,-100.1543,aloevera,6.0
1076,1160100000.0,-99.24998,aloevera,6.0
1077,1170100000.0,-99.03308,aloevera,6.0
1078,1180100000.0,-99.89824,aloevera,6.0
1079,1190100000.0,-99.52164,aloevera,6.0
1080,1200100000.0,-99.87929,aloevera,6.0
1081,1210100000.0,-99.64575,aloevera,6.0
1082,1220100000.0,-99.17995,aloevera,6.0
1083,1230100000.0,-99.57574,aloevera,6.0
1084,1240100000.0,-98.83419,aloevera,6.0
1085,1250100000.0,-100.1693,aloevera,6.0
1086,1260100000.0,-99.2298,aloevera,6.0
1087,1270100000.0,-98.73019,aloevera,6.0
1088,1280100000.0,-99.11386,aloevera,6.0
1089,1290100000.0,-99.27164,aloevera,6.0
1090,1300100000.0,-99.67929,aloevera,6.0
1091,1310100000.0,-99.94803,aloevera,6.0
1092,1320100000.0,-99.86024,aloevera,6.0
1093,1330100000.0,-99.47481,aloevera,6.0
1094,1340100000.0,-100.0961,aloevera,6.0
1095,1350100000.0,-99.3118,aloevera,6.0
1096,1360100000.0,-99.86729,aloevera,6.0
1097,1370100000.0,-99.15195,aloevera,6.0
1098,1380100000.0,-100.2593,aloevera,6.0
1099,1390100000.0,-99.61175,aloevera,6.0
1100,1400100000.0,-100.0285,aloevera,6.0
1101,1410100000.0,-100.2505,aloevera,6.0
1102,1420100000.0,-98.94919,aloevera,6.0
1103,1430100000.0,-99.05515,aloevera,6.0
1104,1440100000.0,-98.99519,aloevera,6.0
1105,1450100000.0,-99.30196,aloevera,6.0
1106,1460100000.0,-99.28738,aloevera,6.0
1107,1470100000.0,-99.7468,aloevera,6.0
1108,1480100000.0,-99.63264,aloevera,6.0
1109,1490100000.0,-99.71176,aloevera,6.0
1110,1500100000.0,-99.41238,aloevera,6.0
1111,1510100000.0,-100.0185,aloevera,6.0
1112,1520100000.0,-99.20007,aloevera,6.0
1113,1530100000.0,-100.436,aloevera,6.0
1114,1540100000.0,-99.53638,aloevera,6.0
1115,1550100000.0,-100.1942,aloevera,6.0
1116,1560100000.0,-99.28018,aloevera,6.0
1117,1570100000.0,-99.86264,aloevera,6.0
1118,1580100000.0,-100.9673,aloevera,6.0
1119,1590100000.0,-98.99815,aloevera,6.0
1120,1600100000.0,-100.3965,aloevera,6.0
1121,1610100000.0,-99.35815,aloevera,6.0
1122,1620100000.0,-99.7118,aloevera,6.0
1123,1630100000.0,-99.8838,aloevera,6.0
1124,1640100000.0,-99.86381,aloevera,6.0
1125,1650100000.0,-99.23055,aloevera,6.0
1126,1660100000.0,-100.5865,aloevera,6.0
1127,1670100000.0,-99.51386,aloevera,6.0
1128,1680100000.0,-100.1293,aloevera,6.0
1129,1690100000.0,-98.94353,aloevera,6.0
1130,1700100000.0,-100.3505,aloevera,6.0
1131,1710100000.0,-99.26495,aloevera,6.0
1132,1720100000.0,-99.95129,aloevera,6.0
1133,1730100000.0,-99.9063,aloevera,6.0
1134,1740100000.0,-99.17877,aloevera,6.0
1135,1750100000.0,-99.42015,aloevera,6.0
1136,1760100000.0,-99.42381,aloevera,6.0
1137,1770100000.0,-99.93388,aloevera,6.0
1138,1780100000.0,-98.99978,aloevera,6.0
1139,1790100000.0,-99.19376,aloevera,6.0
1140,1800100000.0,-99.44324,aloevera,6.0
1141,1810100000.0,-99.96546,aloevera,6.0
1142,1820100000.0,-100.9379,aloevera,6.0
1143,1830100000.0,-99.01476,aloevera,6.0
1144,1840100000.0,-99.41629,aloevera,6.0
1145,1850100000.0,-99.07175,aloevera,6.0
1146,1860100000.0,-99.24724,aloevera,6.0
1147,1870100000.0,-98.51115,aloevera,6.0
1148,1880100000.0,-99.60703,aloevera,6.0
1149,1890100000.0,-99.37929,aloevera,6.0
1150,1900100000.0,-99.30746,aloevera,6.0
1151,1910100000.0,-100.6734,aloevera,6.0
1152,1920100000.0,-99.61324,aloevera,6.0
1153,1930100000.0,-99.09664,aloevera,6.0
1154,1940100000.0,-99.36796,aloevera,6.0
1155,1950100000.0,-98.46009,aloevera,6.0
1156,1960100000.0,-99.57129,aloevera,6.0
1157,1970100000.0,-100.6098,aloevera,6.0
1158,1980100000.0,-100.1085,aloevera,6.0
1159,1990100000.0,-99.18964,aloevera,6.0
1160,2000100000.0,-99.67429,aloevera,6.0
1161,2010100000.0,-99.3178,aloevera,6.0
1162,2020100000.0,-98.83406,aloevera,6.0
1163,2030100000.0,-98.41889,aloevera,6.0
1164,2040100000.0,-99.29181,aloevera,6.0
1165,2050100000.0,-100.0475,aloevera,6.0
1166,2060100000.0,-99.52129,aloevera,6.0
1167,2070100000.0,-98.97787,aloevera,6.0
1168,2080100000.0,-99.11164,aloevera,6.0
1169,2090100000.0,-98.81937,aloevera,6.0
1170,2100100000.0,-99.25674,aloevera,6.0
1171,2110100000.0,-100.2572,aloevera,6.0
1172,2120100000.0,-99.02876,aloevera,6.0
1173,2130100000.0,-99.18296,aloevera,6.0
1174,2140100000.0,-99.44324,aloevera,6.0
1175,2150100000.0,-98.95515,aloevera,6.0
1176,2160100000.0,-99.46503,aloevera,6.0
1177,2170100000.0,-98.58678,aloevera,6.0
1178,2180100000.0,-99.22929,aloevera,6.0
1179,2190100000.0,-98.31998,aloevera,6.0
1180,2200100000.0,-100.0578,aloevera,6.0
1181,2210100000.0,-99.10729,aloevera,6.0
1182,2220100000.0,-97.92552,aloevera,6.0
1183,2230100000.0,-99.54871,aloevera,6.0
1184,2240100000.0,-98.74374,aloevera,6.0
1185,2250100000.0,-99.06229,aloevera,6.0
1186,2260100000.0,-98.80396,aloevera,6.0
1187,2270100000.0,-98.57064,aloevera,6.0
1188,2280100000.0,-98.82496,aloevera,6.0
1189,2290100000.0,-98.93524,aloevera,6.0
1190,2300100000.0,-99.40752,aloevera,6.0
1191,2310100000.0,-99.31388,aloevera,6.0
1192,2320100000.0,-98.72115,aloevera,6.0
1193,2330100000.0,-99.54546,aloevera,6.0
1194,2340100000.0,-99.29404,aloevera,6.0
1195,2350100000.0,-99.30503,aloevera,6.0
1196,2360100000.0,-97.88791,aloevera,6.0
1197,2370100000.0,-98.6308,aloevera,6.0
1198,2380100000.0,-99.1833,aloevera,6.0
1199,2390100000.0,-98.32497,aloevera,6.0
1200,2400100000.0,-98.42838,aloevera,6.0
1201,2410100000.0,-98.15208,aloevera,6.0
1202,2420100000.0,-98.33098,aloevera,6.0
1203,2430100000.0,-98.89875,aloevera,6.0
1204,2440100000.0,-98.79816,aloevera,6.0
1205,2450100000.0,-98.99146,aloevera,6.0
1206,2460100000.0,-98.32098,aloevera,6.0
1207,2470100000.0,-99.49753,aloevera,6.0
1208,2480100000.0,-99.13365,aloevera,6.0
1209,2490100000.0,-98.8338,aloevera,6.0
1210,2500100000.0,-97.77529,aloevera,6.0
1211,2510100000.0,-98.12508,aloevera,6.0
1212,2520100000.0,-98.18755,aloevera,6.0
1213,2530100000.0,-98.29706,aloevera,6.0
1214,2540100000.0,-99.19349,aloevera,6.0
1215,2550100000.0,-99.21803,aloevera,6.0
1216,2560100000.0,-99.39835,aloevera,6.0
1217,2570100000.0,-98.85624,aloevera,6.0
1218,2580100000.0,-97.4893,aloevera,6.0
1219,2590100000.0,-98.60281,aloevera,6.0
1220,2600100000.0,-98.87165,aloevera,6.0
1221,2610100000.0,-97.84308,aloevera,6.0
1222,2620100000.0,-98.76529,aloevera,6.0
1223,2630100000.0,-98.58796,aloevera,6.0
1224,2640100000.0,-98.03338,aloevera,6.0
1225,2650100000.0,-98.33576,aloevera,6.0
1226,2660100000.0,-97.79255,aloevera,6.0
1227,2670100000.0,-96.89957,aloevera,6.0
1228,2680100000.0,-98.1548,aloevera,6.0
1229,2690100000.0,-99.03235,aloevera,6.0
1230,2700100000.0,-97.77098,aloevera,6.0
1231,2710100000.0,-99.69267,aloevera,6.0
1232,2720100000.0,-99.16182,aloevera,6.0
1233,2730100000.0,-98.25674,aloevera,6.0
1234,2740100000.0,-99.10481,aloevera,6.0
1235,2750100000.0,-98.05376,aloevera,6.0
1236,2760100000.0,-97.9638,aloevera,6.0
1237,2770100000.0,-98.56323,aloevera,6.0
1238,2780100000.0,-98.17081,aloevera,6.0
1239,2790100000.0,-98.27596,aloevera,6.0
1240,2800100000.0,-98.80553,aloevera,6.0
1241,2810100000.0,-99.09727,aloevera,6.0
1242,2820100000.0,-97.94064,aloevera,6.0
1243,2830100000.0,-98.87292,aloevera,6.0
1244,2840100000.0,-98.0238,aloevera,6.0
1245,2850100000.0,-98.17445,aloevera,6.0
1246,2860100000.0,-98.3783,aloevera,6.0
1247,2870100000.0,-98.79746,aloevera,6.0
1248,2880100000.0,-98.18346,aloevera,6.0
1249,2890100000.0,-98.48949,aloevera,6.0
1250,2900100000.0,-99.24358,aloevera,6.0
1251,2910100000.0,-98.24224,aloevera,6.0
1252,2920100000.0,-98.97382,aloevera,6.0
1253,2930100000.0,-98.29829,aloevera,6.0
1254,2940100000.0,-98.15195,aloevera,6.0
1255,2950100000.0,-98.50749,aloevera,6.0
1256,2960100000.0,-98.71853,aloevera,6.0
1257,2970100000.0,-98.16096,aloevera,6.0
1258,2980100000.0,-97.63737,aloevera,6.0
1259,2990100000.0,-98.3933,aloevera,6.0
1260,3000100000.0,-97.8298,aloevera,6.0
1261,3010100000.0,-98.40124,aloevera,6.0
1262,3020100000.0,-97.88276,aloevera,6.0
1263,3030100000.0,-98.25665,aloevera,6.0
1264,3040100000.0,-97.93681,aloevera,6.0
1265,3050100000.0,-96.99091,aloevera,6.0
1266,3060100000.0,-97.46538,aloevera,6.0
1267,3070100000.0,-98.63746,aloevera,6.0
1268,3080100000.0,-98.56235,aloevera,6.0
1269,3090100000.0,-97.92796,aloevera,6.0
1270,3100100000.0,-97.06019,aloevera,6.0
1271,3110100000.0,-98.49834,aloevera,6.0
1272,3120100000.0,-98.42352,aloevera,6.0
1273,3130100000.0,-97.30537,aloevera,6.0
1274,3140100000.0,-98.15349,aloevera,6.0
1275,3150100000.0,-97.62215,aloevera,6.0
1276,3160100000.0,-98.40446,aloevera,6.0
1277,3170100000.0,-97.51076,aloevera,6.0
1278,3180100000.0,-97.62575,aloevera,6.0
1279,3190100000.0,-96.68153,aloevera,6.0
